1624061700000,2021-06-19 00:15:00,BTC/USDT,35916.13,35923.91,35748.01,35821.13000000,457.355961,16381211.326054947,12163.0,
1624060800000,2021-06-19 00:00:00,BTC/USDT,35820.48,35937.05,35640.44,35916.13000000,684.4431359999999,24491198.51441664,14737.0,
1624059900000,2021-06-18 23:45:00,BTC/USDT,35827.75,35850.0,35571.5,35819.84000000,619.2526899999999,22107864.55973041,12328.0,
1624059000000,2021-06-18 23:30:00,BTC/USDT,35656.79,35928.39,35618.68,35827.75000000,849.354706,30417263.647238627,15102.0,
1624058100000,2021-06-18 23:15:00,BTC/USDT,35464.12,35690.0,35388.24,35656.80000000,576.048294,20472146.43667659,10945.0,
1624057200000,2021-06-18 23:00:00,BTC/USDT,35620.18,35620.18,35439.84,35464.12000000,393.78940700000004,13986295.16871695,9309.0,
1624056300000,2021-06-18 22:45:00,BTC/USDT,35467.49,35625.0,35400.0,35620.18000000,340.378277,12083206.059040658,7922.0,
1624055400000,2021-06-18 22:30:00,BTC/USDT,35441.51,35506.02,35332.01,35467.50000000,459.82762099999997,16288786.813780932,8296.0,
1624054500000,2021-06-18 22:15:00,BTC/USDT,35467.93,35540.58,35377.4,35441.51000000,337.202974,11957713.31618507,8037.0,
1624053600000,2021-06-18 22:00:00,BTC/USDT,35650.02,35664.28,35434.78,35469.93000000,592.877931,21060540.34997503,11083.0,
1624052700000,2021-06-18 21:45:00,BTC/USDT,35631.14,35700.0,35546.86,35650.01000000,452.29200700000007,16107436.265633732,11674.0,
1624051800000,2021-06-18 21:30:00,BTC/USDT,35473.29,35655.86,35424.18,35631.14000000,585.9594490000001,20826537.588254888,15172.0,
1624050900000,2021-06-18 21:15:00,BTC/USDT,35602.17,35642.0,35372.36,35474.68000000,646.525966,22929464.759509396,14560.0,
1624050000000,2021-06-18 21:00:00,BTC/USDT,35497.97,35734.18,35450.51,35602.17000000,830.7928680000001,29589274.34087286,15798.0,
1624049100000,2021-06-18 20:45:00,BTC/USDT,35429.0,35511.99,35366.43,35497.97000000,620.73988,21994318.51272455,10934.0,
1624048200000,2021-06-18 20:30:00,BTC/USDT,35708.29,35722.07,35349.3,35429.00000000,924.025797,32810624.350552727,17671.0,
1624047300000,2021-06-18 20:15:00,BTC/USDT,35629.16,35866.32,35628.05,35708.29000000,1606.1192959999996,57470839.277557775,27211.0,
1624046400000,2021-06-18 20:00:00,BTC/USDT,35323.65,35672.38,35232.26,35629.17000000,1078.2705780000001,38304026.22456393,20789.0,
1624045500000,2021-06-18 19:45:00,BTC/USDT,35498.08,35498.08,35300.0,35327.24000000,741.3774129999999,26241713.336765293,13818.0,
1624044600000,2021-06-18 19:30:00,BTC/USDT,35473.39,35549.39,35395.15,35498.08000000,893.5630079999999,31707142.430321362,14219.0,
1624043700000,2021-06-18 19:15:00,BTC/USDT,35331.88,35759.32,35331.88,35471.90000000,1494.5422489999996,53051901.57697366,24196.0,
1624042800000,2021-06-18 19:00:00,BTC/USDT,35289.52,35492.43,35180.71,35331.89000000,1568.8053690000004,55490141.45520468,25788.0,
1624041900000,2021-06-18 18:45:00,BTC/USDT,35498.15,35639.46,35129.29,35289.53000000,2643.6896290000004,93424985.25553772,39363.0,
1624041000000,2021-06-18 18:30:00,BTC/USDT,35719.88,35854.13,35300.33,35496.33000000,2943.949435,104769310.47470349,47210.0,
1624040100000,2021-06-18 18:15:00,BTC/USDT,36123.1,36263.96,35589.36,35724.87000000,3051.233682,109694658.34945309,49711.0,
1624039200000,2021-06-18 18:00:00,BTC/USDT,36219.12,36361.13,36122.04,36124.43000000,1240.821778,44966701.807848856,21456.0,
1624038300000,2021-06-18 17:45:00,BTC/USDT,36322.96,36430.29,36200.34,36219.11000000,774.188252,28123819.93491612,14172.0,
1624037400000,2021-06-18 17:30:00,BTC/USDT,36407.0,36472.9,36201.0,36322.96000000,1398.5011909999998,50761611.50650901,22237.0,
1624036500000,2021-06-18 17:15:00,BTC/USDT,36408.59,36479.97,36352.14,36407.00000000,563.1579230000001,20503051.54394165,11241.0,
1624035600000,2021-06-18 17:00:00,BTC/USDT,36591.75,36606.52,36369.68,36408.59000000,851.020917,31020912.873981487,15948.0,
1624034700000,2021-06-18 16:45:00,BTC/USDT,36619.04,36699.58,36565.9,36591.75000000,674.212542,24693084.02690349,13666.0,
1624033800000,2021-06-18 16:30:00,BTC/USDT,36575.48,36818.44,36524.39,36619.99000000,1448.3533629999997,53063811.78794656,22518.0,
1624032900000,2021-06-18 16:15:00,BTC/USDT,36423.33,36587.5,36369.43,36575.48000000,807.8695600000001,29474238.62536758,17666.0,
1624032000000,2021-06-18 16:00:00,BTC/USDT,36355.97,36630.0,36266.0,36418.76000000,1874.8016120000002,68261257.6429335,30242.0,
1624031100000,2021-06-18 15:45:00,BTC/USDT,36500.0,36567.11,36278.5,36355.10000000,1486.2487600000002,54113688.229369424,38315.0,
1624030200000,2021-06-18 15:30:00,BTC/USDT,36458.16,36580.97,36408.59,36500.00000000,910.3468979999999,33214696.36590943,29455.0,
1624029300000,2021-06-18 15:15:00,BTC/USDT,36663.74,36724.99,36350.35,36457.43000000,1545.7687649999998,56429052.66463842,41318.0,
1624028400000,2021-06-18 15:00:00,BTC/USDT,36670.39,36842.66,36603.13,36663.73000000,1320.4384000000002,48492784.58006526,31289.0,
1624027500000,2021-06-18 14:45:00,BTC/USDT,36646.41,36750.0,36500.0,36670.39000000,1260.347064,46182123.576352924,21516.0,
1624026600000,2021-06-18 14:30:00,BTC/USDT,36772.61,36900.0,36586.24,36646.41000000,2185.560086,80222567.5044096,25882.0,
1624025700000,2021-06-18 14:15:00,BTC/USDT,36696.11,36798.74,36533.69,36772.62000000,1956.6326110000002,71774308.48302253,33826.0,
1624024800000,2021-06-18 14:00:00,BTC/USDT,37204.32,37299.0,36647.59,36695.70000000,3489.450751,128665312.42977643,51684.0,
1624023900000,2021-06-18 13:45:00,BTC/USDT,37141.89,37282.88,37105.0,37207.88000000,1318.592027,49064444.70585522,29546.0,
1624023000000,2021-06-18 13:30:00,BTC/USDT,37177.08,37254.85,37031.0,37141.90000000,1046.834826,38882083.867914006,30004.0,
1624022100000,2021-06-18 13:15:00,BTC/USDT,37167.14,37286.52,37019.0,37180.34000000,2150.3433509999995,79876973.06630424,41104.0,
1624021200000,2021-06-18 13:00:00,BTC/USDT,37433.92,37646.49,37129.41,37167.13000000,1617.834241,60480838.044889785,33395.0,
1624020300000,2021-06-18 12:45:00,BTC/USDT,37327.88,37500.0,37308.78,37433.91000000,630.870914,23597430.63932346,13403.0,
1624019400000,2021-06-18 12:30:00,BTC/USDT,37485.83,37569.99,37307.28,37327.88000000,909.2431369999999,34046816.27532292,16400.0,
1624018500000,2021-06-18 12:15:00,BTC/USDT,37551.93,37676.28,37371.58,37485.83000000,1482.36665,55590988.31255312,20972.0,
1624017600000,2021-06-18 12:00:00,BTC/USDT,37818.57,37948.55,37530.0,37551.94000000,911.323144,34349404.57945092,15399.0,
1624016700000,2021-06-18 11:45:00,BTC/USDT,37837.5,37959.99,37759.8,37821.95000000,520.813242,19716927.363904268,10994.0,
1624015800000,2021-06-18 11:30:00,BTC/USDT,37780.0,37877.69,37660.38,37837.50000000,879.1282560000001,33182009.994210597,13588.0,
1624014900000,2021-06-18 11:15:00,BTC/USDT,37941.3,37959.01,37755.97,37780.01000000,731.6763040000002,27690488.08342146,11208.0,
1624014000000,2021-06-18 11:00:00,BTC/USDT,37836.94,38029.99,37799.99,37942.70000000,1207.023644,45746395.69898005,17447.0,
1624013100000,2021-06-18 10:45:00,BTC/USDT,37778.88,37864.56,37700.0,37836.94000000,833.966581,31500138.6295374,13612.0,
1624012200000,2021-06-18 10:30:00,BTC/USDT,37577.62,37798.97,37574.0,37778.89000000,1081.919791,40804358.84927307,17497.0,
1624011300000,2021-06-18 10:15:00,BTC/USDT,37325.18,37665.39,37063.8,37577.62000000,3304.958228,123238418.65310326,44358.0,
1624010400000,2021-06-18 10:00:00,BTC/USDT,37512.0,37518.9,37263.15,37325.19000000,1408.8744230000004,52639816.330075085,22193.0,
1624009500000,2021-06-18 09:45:00,BTC/USDT,37572.83,37653.05,37451.12,37511.99000000,814.287707,30573330.814115133,18559.0,
1624008600000,2021-06-18 09:30:00,BTC/USDT,37662.03,37743.53,37500.0,37570.20000000,855.2419139999998,32167819.044442326,19634.0,
1624007700000,2021-06-18 09:15:00,BTC/USDT,37823.58,37854.26,37592.65,37667.93000000,631.8614420000001,23828935.186858553,17409.0,
1624006800000,2021-06-18 09:00:00,BTC/USDT,37877.99,37918.96,37700.0,37823.58000000,546.454274,20658441.34503693,15113.0,
1624005900000,2021-06-18 08:45:00,BTC/USDT,37865.0,37966.98,37810.0,37877.98000000,469.2049329999999,17779143.61674336,9907.0,
1624005000000,2021-06-18 08:30:00,BTC/USDT,37908.3,37950.0,37861.64,37865.00000000,440.16887700000007,16681123.34203051,9909.0,
1624004100000,2021-06-18 08:15:00,BTC/USDT,37807.34,37924.95,37790.0,37908.30000000,522.290077,19778659.53618844,10857.0,
1624003200000,2021-06-18 08:00:00,BTC/USDT,37715.04,37901.61,37565.07,37807.35000000,876.248341,33106306.997858614,15330.0,
1624002300000,2021-06-18 07:45:00,BTC/USDT,37792.19,37811.52,37682.03,37715.03000000,471.35424000000006,17782821.937249642,8288.0,
1624001400000,2021-06-18 07:30:00,BTC/USDT,37701.68,37819.9,37600.0,37792.18000000,531.340443,20051644.461529244,9470.0,
1624000500000,2021-06-18 07:15:00,BTC/USDT,37676.04,37794.3,37637.62,37701.68000000,490.61086099999994,18503575.81557744,9510.0,
1623999600000,2021-06-18 07:00:00,BTC/USDT,37453.89,37721.21,37450.02,37676.04000000,769.4778190000001,28948011.574022096,12426.0,
1623998700000,2021-06-18 06:45:00,BTC/USDT,37612.69,37636.38,37377.0,37453.90000000,878.3086319999999,32915413.907238897,14704.0,
1623997800000,2021-06-18 06:30:00,BTC/USDT,37555.34,37637.67,37458.46,37612.68000000,535.6537629999999,20119731.495231513,12745.0,
1623996900000,2021-06-18 06:15:00,BTC/USDT,37650.75,37744.85,37459.84,37553.61000000,964.1269170000002,36200629.901451595,16298.0,
1623996000000,2021-06-18 06:00:00,BTC/USDT,37606.58,37669.68,37525.64,37650.74000000,419.788727,15789343.572348379,11981.0,
1623995100000,2021-06-18 05:45:00,BTC/USDT,37971.75,37971.76,37513.55,37605.64000000,1800.6240930000001,67895984.24746624,20157.0,
1623994200000,2021-06-18 05:30:00,BTC/USDT,37951.95,38107.37,37937.93,37971.76000000,865.3205360000001,32913023.602279108,10193.0,
1623993300000,2021-06-18 05:15:00,BTC/USDT,37885.2,38008.17,37860.88,37951.95000000,451.966509,17157250.40349421,7869.0,
1623992400000,2021-06-18 05:00:00,BTC/USDT,37920.85,37974.2,37828.16,37884.34000000,391.47652400000004,14830086.63314269,8462.0,
1623991500000,2021-06-18 04:45:00,BTC/USDT,38048.51,38050.17,37905.05,37920.85000000,626.3232710000001,23788751.325759947,10353.0,
1623990600000,2021-06-18 04:30:00,BTC/USDT,37904.91,38148.11,37874.81,38048.51000000,736.9568460000002,28013718.2391661,13158.0,
1623989700000,2021-06-18 04:15:00,BTC/USDT,37831.99,37956.51,37792.37,37904.91000000,435.2011360000001,16487919.2135258,10641.0,
1623988800000,2021-06-18 04:00:00,BTC/USDT,37926.78,37979.79,37802.86,37832.00000000,443.5461700000001,16796609.95324524,9549.0,
1623987900000,2021-06-18 03:45:00,BTC/USDT,37885.59,38035.72,37875.0,37926.79000000,444.078847,16846546.18594239,19021.0,
1623987000000,2021-06-18 03:30:00,BTC/USDT,37894.61,37900.0,37777.0,37885.59000000,365.73629700000004,13838722.745168589,17649.0,
1623986100000,2021-06-18 03:15:00,BTC/USDT,37875.34,37937.45,37813.0,37894.61000000,567.1152350000001,21483426.958549432,19754.0,
1623985200000,2021-06-18 03:00:00,BTC/USDT,37779.71,37980.41,37737.02,37872.37000000,1147.577013,43417159.52504701,24190.0,
1623984300000,2021-06-18 02:45:00,BTC/USDT,37588.8,37910.51,37580.73,37779.69000000,1008.7673420000001,38150107.41746674,17527.0,
1623983400000,2021-06-18 02:30:00,BTC/USDT,37383.24,37730.0,37329.4,37590.38000000,974.517204,36598917.746893,20021.0,
1623982500000,2021-06-18 02:15:00,BTC/USDT,37424.18,37484.53,37213.0,37383.24000000,1177.840341,43949336.31186768,22688.0,
1623981600000,2021-06-18 02:00:00,BTC/USDT,37649.39,37652.4,37333.0,37424.17000000,1008.78115,37790774.972712554,20498.0,
1623980700000,2021-06-18 01:45:00,BTC/USDT,37712.39,37799.99,37568.0,37649.38000000,415.975431,15667091.66339974,10665.0,
1623979800000,2021-06-18 01:30:00,BTC/USDT,37644.64,37712.39,37492.9,37712.38000000,755.8685240000002,28425358.32451623,17557.0,
1623978900000,2021-06-18 01:15:00,BTC/USDT,37697.07,37779.96,37640.67,37644.62000000,403.90695400000004,15234308.923203249,12206.0,
1623978000000,2021-06-18 01:00:00,BTC/USDT,37675.51,37787.68,37580.0,37697.06000000,560.482814,21123097.573270064,12850.0,
1623977100000,2021-06-18 00:45:00,BTC/USDT,37944.17,38007.57,37562.72,37675.50000000,798.9690660000001,30200405.096718818,20630.0,
1623976200000,2021-06-18 00:30:00,BTC/USDT,38016.39,38116.09,37939.0,37944.16000000,357.28483299999994,13588814.23559763,13847.0,
1623975300000,2021-06-18 00:15:00,BTC/USDT,38155.99,38202.84,37992.51,38016.39000000,619.785479,23604172.08162014,17179.0,
1623974400000,2021-06-18 00:00:00,BTC/USDT,38092.97,38161.7,37885.01,38155.98000000,579.414595,22024863.150242757,15762.0,
1623973500000,2021-06-17 23:45:00,BTC/USDT,37920.15,38126.98,37905.97,38092.97000000,515.0889379999999,19601970.86424695,8947.0,
1623972600000,2021-06-17 23:30:00,BTC/USDT,37980.82,37995.43,37831.5,37920.16000000,570.010133,21611214.2055153,9702.0,
1623971700000,2021-06-17 23:15:00,BTC/USDT,38133.24,38133.24,37933.0,37982.18000000,467.85039700000004,17796519.78780762,10313.0,
1623970800000,2021-06-17 23:00:00,BTC/USDT,37954.5,38258.0,37850.0,38133.25000000,1310.7449470000001,49942173.79857013,21289.0,
1623969900000,2021-06-17 22:45:00,BTC/USDT,37731.22,37968.48,37674.0,37954.49000000,602.128948,22785215.70423405,11717.0,
1623969000000,2021-06-17 22:30:00,BTC/USDT,37811.64,37825.43,37637.68,37731.21000000,445.25909400000006,16795361.45504719,10298.0,
1623968100000,2021-06-17 22:15:00,BTC/USDT,37688.48,37821.94,37669.85,37813.18000000,597.189846,22551671.19414898,13476.0,
1623967200000,2021-06-17 22:00:00,BTC/USDT,37740.4,37767.29,37615.74,37688.48000000,374.63000200000005,14118903.42446597,9908.0,
1623966300000,2021-06-17 21:45:00,BTC/USDT,37808.0,37839.13,37721.81,37740.40000000,419.12040199999996,15837622.238124,10302.0,
1623965400000,2021-06-17 21:30:00,BTC/USDT,37701.14,37811.48,37625.01,37808.01000000,316.753007,11946244.641448129,9513.0,
1623964500000,2021-06-17 21:15:00,BTC/USDT,37594.54,37723.8,37519.99,37701.14000000,540.526078,20319503.58421088,12497.0,
1623963600000,2021-06-17 21:00:00,BTC/USDT,37755.28,37755.28,37565.72,37594.55000000,596.707771,22460384.301186033,11824.0,
1623962700000,2021-06-17 20:45:00,BTC/USDT,37727.52,37789.61,37656.77,37755.66000000,367.3191509999999,13862545.025539272,9066.0,
1623961800000,2021-06-17 20:30:00,BTC/USDT,37771.96,37776.55,37630.16,37727.53000000,365.9854600000001,13796799.792759752,9717.0,
1623960900000,2021-06-17 20:15:00,BTC/USDT,37845.9,37853.69,37657.66,37771.96000000,600.634514,22678064.313950274,13203.0,
1623960000000,2021-06-17 20:00:00,BTC/USDT,37702.53,37872.92,37365.0,37845.90000000,2662.445063,100002404.8350581,39021.0,
1623959100000,2021-06-17 19:45:00,BTC/USDT,37816.61,37858.42,37642.25,37702.53000000,564.0245219999999,21293910.437509198,14172.0,
1623958200000,2021-06-17 19:30:00,BTC/USDT,37740.12,37928.42,37738.98,37816.62000000,673.3588850000001,25478593.089482404,15309.0,
1623957300000,2021-06-17 19:15:00,BTC/USDT,37739.24,37830.57,37646.97,37740.11000000,590.721392,22309167.937656,14255.0,
1623956400000,2021-06-17 19:00:00,BTC/USDT,37749.75,37800.0,37651.24,37739.24000000,1293.1891620000001,48785912.55809031,17463.0,
1623955500000,2021-06-17 18:45:00,BTC/USDT,37783.01,37910.0,37705.89,37749.76000000,1002.0905980000001,37879085.292854406,18225.0,
1623954600000,2021-06-17 18:30:00,BTC/USDT,37734.27,37863.71,37505.0,37783.01000000,1471.465746,55497818.62747495,27817.0,
1623953700000,2021-06-17 18:15:00,BTC/USDT,37726.53,37800.01,37613.09,37734.27000000,817.8859659999998,30835347.00843316,19895.0,
1623952800000,2021-06-17 18:00:00,BTC/USDT,37695.12,37817.95,37577.77,37719.08000000,1472.3210010000003,55509272.452682465,25993.0,
1623951900000,2021-06-17 17:45:00,BTC/USDT,37866.76,37895.84,37600.0,37695.13000000,1359.445094,51296609.05594885,22419.0,
1623951000000,2021-06-17 17:30:00,BTC/USDT,37825.27,37958.6,37637.0,37866.76000000,2079.5928890000005,78601061.26619762,35190.0,
1623950100000,2021-06-17 17:15:00,BTC/USDT,38243.87,38338.67,37733.22,37825.28000000,3901.224575,148028556.31295276,61075.0,
1623949200000,2021-06-17 17:00:00,BTC/USDT,38508.5,38552.87,38205.0,38243.87000000,1221.103506,46858054.17008857,20005.0,
1623948300000,2021-06-17 16:45:00,BTC/USDT,38501.86,38679.06,38262.3,38508.51000000,1648.6707680000002,63322698.955828324,36493.0,
1623947400000,2021-06-17 16:30:00,BTC/USDT,38610.0,38687.22,38450.0,38497.69000000,991.789128,38236240.396175675,29585.0,
1623946500000,2021-06-17 16:15:00,BTC/USDT,38836.18,38836.18,38528.46,38610.00000000,1332.840446,51503821.760445595,34119.0,
1623945600000,2021-06-17 16:00:00,BTC/USDT,39008.01,39111.56,38755.0,38836.18000000,1181.0083949999996,45962176.30949192,30228.0,
1623944700000,2021-06-17 15:45:00,BTC/USDT,38917.66,39150.0,38917.66,39007.91000000,807.0993189999999,31504426.22720583,14307.0,
1623943800000,2021-06-17 15:30:00,BTC/USDT,38865.56,39085.71,38860.25,38917.66000000,823.4835779999999,32088889.336629335,13539.0,
1623942900000,2021-06-17 15:15:00,BTC/USDT,38858.75,38906.57,38773.0,38862.50000000,492.0446119999999,19110158.324225303,9740.0,
1623942000000,2021-06-17 15:00:00,BTC/USDT,38899.98,38981.1,38773.38,38858.74000000,735.7302920000001,28596266.855864514,13405.0,
1623941100000,2021-06-17 14:45:00,BTC/USDT,38749.0,38927.45,38714.7,38899.98000000,719.0384109999999,27919458.675948422,12499.0,
1623940200000,2021-06-17 14:30:00,BTC/USDT,38816.41,38960.0,38685.69,38748.99000000,847.785567,32934996.710243143,15803.0,
1623939300000,2021-06-17 14:15:00,BTC/USDT,38523.14,38875.0,38500.0,38816.41000000,1310.937221,50702271.56568985,18450.0,
1623938400000,2021-06-17 14:00:00,BTC/USDT,38710.29,38710.29,38411.39,38523.14000000,1557.82022,59999350.37719786,26440.0,
1623937500000,2021-06-17 13:45:00,BTC/USDT,38795.0,38850.0,38684.66,38711.43000000,590.19196,22881856.393233467,10925.0,
1623936600000,2021-06-17 13:30:00,BTC/USDT,38742.22,38868.0,38708.87,38795.01000000,724.617896,28125240.56779647,13561.0,
1623935700000,2021-06-17 13:15:00,BTC/USDT,38728.7,38771.88,38636.24,38738.46000000,602.110577,23307201.25216414,13212.0,
1623934800000,2021-06-17 13:00:00,BTC/USDT,38782.93,38842.12,38630.0,38728.69000000,852.005914,33001046.552905,14863.0,
1623933900000,2021-06-17 12:45:00,BTC/USDT,38767.98,38880.3,38633.33,38782.92000000,1113.8061699999998,43200988.74382259,16039.0,
1623933000000,2021-06-17 12:30:00,BTC/USDT,38757.02,38798.0,38607.28,38767.98000000,1215.1374340000002,47039723.54702585,20197.0,
1623932100000,2021-06-17 12:15:00,BTC/USDT,38856.44,38909.18,38680.0,38757.01000000,1657.985658,64320057.946620986,25169.0,
1623931200000,2021-06-17 12:00:00,BTC/USDT,39148.26,39195.9,38775.0,38856.71000000,1911.3017610000004,74613829.9715047,28370.0,
1623930300000,2021-06-17 11:45:00,BTC/USDT,39188.98,39320.14,39143.15,39146.36000000,686.1838100000001,26918564.846118584,12523.0,
1623929400000,2021-06-17 11:30:00,BTC/USDT,39179.73,39235.07,39130.01,39189.01000000,543.760004,21303124.549363196,12348.0,
1623928500000,2021-06-17 11:15:00,BTC/USDT,39288.25,39290.31,39105.51,39179.74000000,768.302582,30100864.26586529,18307.0,
1623927600000,2021-06-17 11:00:00,BTC/USDT,39257.26,39325.0,39235.01,39288.25000000,439.6599580000001,17268558.066146716,9985.0,
1623926700000,2021-06-17 10:45:00,BTC/USDT,39308.91,39373.78,39205.51,39257.26000000,562.541761,22097086.430257782,22150.0,
1623925800000,2021-06-17 10:30:00,BTC/USDT,39428.96,39436.98,39295.81,39308.91000000,522.986233,20586404.33452281,22305.0,
1623924900000,2021-06-17 10:15:00,BTC/USDT,39448.64,39528.3,39400.0,39428.97000000,470.388391,18558140.738529358,21149.0,
1623924000000,2021-06-17 10:00:00,BTC/USDT,39493.92,39541.96,39382.36,39448.64000000,749.358583,29554181.493848655,21676.0,
1623923100000,2021-06-17 09:45:00,BTC/USDT,39314.51,39559.88,39228.7,39493.92000000,997.037331,39330645.80240903,17821.0,
1623922200000,2021-06-17 09:30:00,BTC/USDT,39335.63,39374.38,39279.84,39314.51000000,443.22710699999993,17434291.3815558,9001.0,
1623921300000,2021-06-17 09:15:00,BTC/USDT,39303.15,39350.0,39144.0,39335.63000000,839.335111,32940278.73873831,13748.0,
1623920400000,2021-06-17 09:00:00,BTC/USDT,39276.72,39391.92,39248.0,39303.15000000,544.872859,21427295.62046091,10066.0,
1623919500000,2021-06-17 08:45:00,BTC/USDT,39331.92,39341.37,39057.27,39276.72000000,985.540859,38632705.33579683,23601.0,
1623918600000,2021-06-17 08:30:00,BTC/USDT,39299.04,39417.5,39299.04,39333.07000000,699.1945059999999,27524024.548905067,21107.0,
1623917700000,2021-06-17 08:15:00,BTC/USDT,39200.36,39350.0,39128.88,39299.04000000,666.2491850000001,26146944.93819757,21995.0,
1623916800000,2021-06-17 08:00:00,BTC/USDT,39208.67,39308.88,39135.0,39200.36000000,928.5591460000002,36408634.01543288,23695.0,
1623915900000,2021-06-17 07:45:00,BTC/USDT,39335.28,39350.0,39200.0,39207.36000000,600.860079,23591552.221499622,11982.0,
1623915000000,2021-06-17 07:30:00,BTC/USDT,39355.98,39400.0,39268.9,39335.28000000,660.6149380000002,25989393.614764985,12359.0,
1623914100000,2021-06-17 07:15:00,BTC/USDT,39313.68,39389.88,39207.21,39357.43000000,754.422301,29650144.195907626,13425.0,
1623913200000,2021-06-17 07:00:00,BTC/USDT,39245.39,39400.0,39119.99,39313.67000000,1232.2585059999997,48411443.0358499,20008.0,
1623912300000,2021-06-17 06:45:00,BTC/USDT,39196.42,39294.73,39139.6,39245.38000000,712.082338,27925788.797104664,13140.0,
1623911400000,2021-06-17 06:30:00,BTC/USDT,39121.57,39265.0,39050.0,39196.43000000,895.1300139999998,35034347.988757156,16123.0,
1623910500000,2021-06-17 06:15:00,BTC/USDT,38830.0,39180.0,38750.04,39121.57000000,1309.0421259999998,51058498.04388653,20203.0,
1623909600000,2021-06-17 06:00:00,BTC/USDT,38709.98,38831.99,38709.98,38830.00000000,323.52999,12547580.56135894,10419.0,
1623908700000,2021-06-17 05:45:00,BTC/USDT,38800.0,38843.73,38703.08,38709.99000000,622.252258,24128285.141549062,20568.0,
1623907800000,2021-06-17 05:30:00,BTC/USDT,38758.08,38855.0,38705.58,38800.00000000,499.059418,19359923.43656008,20122.0,
1623906900000,2021-06-17 05:15:00,BTC/USDT,38800.92,38855.0,38730.0,38758.07000000,399.501078,15494123.44901908,18907.0,
1623906000000,2021-06-17 05:00:00,BTC/USDT,38801.06,38879.99,38644.4,38800.93000000,763.8134999999999,29609769.11253775,22224.0,
1623905100000,2021-06-17 04:45:00,BTC/USDT,38835.05,38886.34,38755.13,38802.73000000,558.325161,21672470.916465193,8803.0,
1623904200000,2021-06-17 04:30:00,BTC/USDT,38948.03,39095.36,38818.27,38835.05000000,824.7546330000001,32134649.58419215,12457.0,
1623903300000,2021-06-17 04:15:00,BTC/USDT,38988.82,39039.47,38943.9,38948.03000000,471.8258909999999,18400415.404870518,8832.0,
1623902400000,2021-06-17 04:00:00,BTC/USDT,38865.05,39071.58,38850.0,38988.83000000,767.258769,29906115.972599495,13193.0,
1623901500000,2021-06-17 03:45:00,BTC/USDT,38876.65,38909.82,38813.35,38865.05000000,484.11207399999995,18811430.84742806,16814.0,
1623900600000,2021-06-17 03:30:00,BTC/USDT,38869.01,38978.75,38869.0,38878.27000000,743.1860780000002,28923803.069157127,20516.0,
1623899700000,2021-06-17 03:15:00,BTC/USDT,38829.13,38900.0,38771.28,38869.01000000,447.28021599999994,17368710.74897752,18227.0,
1623898800000,2021-06-17 03:00:00,BTC/USDT,38707.19,38844.41,38704.78,38828.99000000,607.889015,23580318.23437075,18337.0,
1623897900000,2021-06-17 02:45:00,BTC/USDT,38737.18,38833.88,38690.48,38705.35000000,603.017192,23378891.165124413,9110.0,
1623897000000,2021-06-17 02:30:00,BTC/USDT,38820.89,38863.15,38722.0,38737.18000000,457.96126999999996,17764479.28617635,9387.0,
1623896100000,2021-06-17 02:15:00,BTC/USDT,38799.95,38849.77,38721.28,38820.90000000,551.693761,21398099.94269322,9585.0,
1623895200000,2021-06-17 02:00:00,BTC/USDT,38654.06,38838.42,38620.42,38799.95000000,607.9993180000001,23554922.6704917,10330.0,
1623894300000,2021-06-17 01:45:00,BTC/USDT,38597.98,38688.59,38578.53,38653.66000000,404.358054,15620783.828931442,7186.0,
1623893400000,2021-06-17 01:30:00,BTC/USDT,38704.94,38735.05,38547.4,38597.98000000,488.667255,18881111.965203997,8821.0,
1623892500000,2021-06-17 01:15:00,BTC/USDT,38727.5,38795.0,38663.75,38704.95000000,447.3741509999999,17322281.47427082,8772.0,
1623891600000,2021-06-17 01:00:00,BTC/USDT,38624.13,38754.54,38541.1,38727.51000000,522.8305469999999,20208300.860325754,10802.0,
1623890700000,2021-06-17 00:45:00,BTC/USDT,38628.91,38641.8,38544.42,38624.13000000,497.95644300000004,19217055.41808149,8158.0,
1623889800000,2021-06-17 00:30:00,BTC/USDT,38449.95,38659.31,38403.11,38627.00000000,591.4182890000001,22808038.6938281,10829.0,
1623888900000,2021-06-17 00:15:00,BTC/USDT,38550.0,38631.57,38391.32,38445.62000000,554.476791,21341474.799936727,11369.0,
1623888000000,2021-06-17 00:00:00,BTC/USDT,38349.0,38590.81,38213.23,38550.01000000,974.935825,37445892.60611475,18170.0,
1623887100000,2021-06-16 23:45:00,BTC/USDT,38203.18,38361.49,38190.41,38349.01000000,417.406932,15981049.46473298,8919.0,
1623886200000,2021-06-16 23:30:00,BTC/USDT,38219.33,38298.19,38116.01,38203.18000000,681.860982,26049681.958743587,11182.0,
1623885300000,2021-06-16 23:15:00,BTC/USDT,38434.31,38442.18,38126.54,38219.33000000,1367.012856,52268256.36972538,24624.0,
1623884400000,2021-06-16 23:00:00,BTC/USDT,38558.24,38586.28,38333.0,38437.00000000,707.667933,27208855.604851365,14197.0,
1623883500000,2021-06-16 22:45:00,BTC/USDT,38537.17,38650.0,38518.95,38558.24000000,447.137021,17248362.639222592,8183.0,
1623882600000,2021-06-16 22:30:00,BTC/USDT,38640.31,38712.3,38530.86,38537.18000000,655.8562939999999,25330169.49192821,9596.0,
1623881700000,2021-06-16 22:15:00,BTC/USDT,38765.39,38839.86,38570.0,38640.31000000,879.5288700000001,34046812.82163231,11730.0,
1623880800000,2021-06-16 22:00:00,BTC/USDT,38766.09,38925.0,38710.31,38765.39000000,593.7704699999999,23053400.99427975,11177.0,
1623879900000,2021-06-16 21:45:00,BTC/USDT,38611.33,38888.88,38590.0,38766.72000000,598.5284800000001,23201411.42501029,11698.0,
1623879000000,2021-06-16 21:30:00,BTC/USDT,38688.23,38762.93,38563.08,38613.68000000,441.26101399999993,17063679.519949622,11244.0,
1623878100000,2021-06-16 21:15:00,BTC/USDT,38544.85,38759.94,38540.39,38688.23000000,444.72904800000003,17200760.60070398,11272.0,
1623877200000,2021-06-16 21:00:00,BTC/USDT,38534.96,38620.01,38423.01,38542.46000000,455.651823,17555854.271530468,11379.0,
1623876300000,2021-06-16 20:45:00,BTC/USDT,38630.44,38771.23,38490.24,38534.96000000,514.8545909999999,19882766.19910046,10445.0,
1623875400000,2021-06-16 20:30:00,BTC/USDT,38628.58,38697.06,38529.04,38630.44000000,406.03751,15682080.77190537,10309.0,
1623874500000,2021-06-16 20:15:00,BTC/USDT,38722.22,38885.46,38537.76,38628.58000000,622.578368,24080077.703779943,13929.0,
1623873600000,2021-06-16 20:00:00,BTC/USDT,38680.1,38734.18,38450.48,38720.23000000,936.9362970000001,36155667.84955878,18624.0,
1623872700000,2021-06-16 19:45:00,BTC/USDT,38849.42,38855.0,38671.25,38680.11000000,906.1940050000001,35115533.30051064,13469.0,
1623871800000,2021-06-16 19:30:00,BTC/USDT,38940.0,38946.73,38832.27,38851.99000000,588.330855,22874402.96458614,11412.0,
1623870900000,2021-06-16 19:15:00,BTC/USDT,38872.0,39091.17,38829.58,38940.01000000,1009.493228,39324359.21059501,16757.0,
1623870000000,2021-06-16 19:00:00,BTC/USDT,38709.35,38929.0,38650.0,38871.99000000,947.590725,36757107.96246507,17615.0,
1623869100000,2021-06-16 18:45:00,BTC/USDT,38409.01,38780.27,38397.0,38709.35000000,1027.9328730000002,39687236.86455327,19819.0,
1623868200000,2021-06-16 18:30:00,BTC/USDT,38508.06,38662.99,38326.54,38409.01000000,1387.457778,53427257.321507156,24134.0,
1623867300000,2021-06-16 18:15:00,BTC/USDT,38808.62,38811.81,38301.68,38508.06000000,2295.449997,88438910.25396301,34627.0,
1623866400000,2021-06-16 18:00:00,BTC/USDT,39170.64,39735.52,38401.0,38807.68000000,5874.862016000001,229567574.17782307,90017.0,
1623865500000,2021-06-16 17:45:00,BTC/USDT,38925.31,39240.0,38852.53,39170.46000000,662.063579,25844324.892133288,14223.0,
1623864600000,2021-06-16 17:30:00,BTC/USDT,38741.14,39148.11,38735.55,38925.31000000,911.485492,35495325.46747071,18593.0,
1623863700000,2021-06-16 17:15:00,BTC/USDT,38867.96,38870.23,38630.59,38741.14000000,570.944023,22110924.88573248,12364.0,
1623862800000,2021-06-16 17:00:00,BTC/USDT,38668.04,38900.61,38526.88,38867.96000000,1089.783693,42181437.52485717,19056.0,
1623861900000,2021-06-16 16:45:00,BTC/USDT,38879.62,38900.0,38415.0,38668.03000000,1737.0168589999998,67075222.92458901,31108.0,
1623861000000,2021-06-16 16:30:00,BTC/USDT,38976.12,39132.3,38800.0,38879.62000000,1039.316546,40499478.63015515,15475.0,
1623860100000,2021-06-16 16:15:00,BTC/USDT,39276.58,39309.74,38908.18,38976.12000000,1007.0200490000001,39367291.71500289,17968.0,
1623859200000,2021-06-16 16:00:00,BTC/USDT,38775.66,39311.74,38671.57,39276.92000000,2059.783397,80570669.70619293,34354.0,
1623858300000,2021-06-16 15:45:00,BTC/USDT,38729.94,38807.49,38661.58,38775.66000000,689.5721689999999,26714986.799379006,24246.0,
1623857400000,2021-06-16 15:30:00,BTC/USDT,38709.77,38820.0,38652.42,38729.94000000,821.185212,31804143.149421513,23220.0,
1623856500000,2021-06-16 15:15:00,BTC/USDT,38655.81,38777.12,38588.0,38709.77000000,949.129099,36726959.432651095,25816.0,
1623855600000,2021-06-16 15:00:00,BTC/USDT,38843.74,38999.36,38565.0,38655.81000000,1549.5699089999998,60066138.39949154,38319.0,
1623854700000,2021-06-16 14:45:00,BTC/USDT,39199.34,39214.94,38711.0,38843.75000000,1731.7373680000003,67366331.62832983,40011.0,
1623853800000,2021-06-16 14:30:00,BTC/USDT,39148.35,39271.8,39144.17,39199.33000000,367.581539,14418603.15733796,17759.0,
1623852900000,2021-06-16 14:15:00,BTC/USDT,39311.14,39368.74,39105.0,39148.34000000,649.979641,25493259.81493836,21305.0,
1623852000000,2021-06-16 14:00:00,BTC/USDT,39229.4,39318.61,39120.58,39311.15000000,664.605309,26082126.904726088,21901.0,
1623851100000,2021-06-16 13:45:00,BTC/USDT,39242.76,39249.95,39090.99,39229.39000000,861.348901,33725564.2257486,29733.0,
1623850200000,2021-06-16 13:30:00,BTC/USDT,39344.31,39352.24,39189.55,39242.76000000,1140.0358119999999,44758451.43733191,31979.0,
1623849300000,2021-06-16 13:15:00,BTC/USDT,38974.33,39504.99,38973.3,39344.31000000,1340.56986,52672277.59400737,39186.0,
1623848400000,2021-06-16 13:00:00,BTC/USDT,39063.56,39178.36,38957.56,38974.34000000,920.1604690000001,35964609.968430564,32234.0,
1623847500000,2021-06-16 12:45:00,BTC/USDT,39054.9,39184.54,39035.11,39063.55000000,812.6018870000001,31772345.844979484,15573.0,
1623846600000,2021-06-16 12:30:00,BTC/USDT,38932.02,39073.92,38871.0,39055.27000000,793.251892,30920491.117770795,18368.0,
1623845700000,2021-06-16 12:15:00,BTC/USDT,39126.13,39140.0,38870.0,38934.64000000,1971.975647,76805440.35978964,29633.0,
1623844800000,2021-06-16 12:00:00,BTC/USDT,39080.01,39195.0,38911.26,39132.42000000,1200.2733249999999,46890538.64863174,24509.0,
1623843900000,2021-06-16 11:45:00,BTC/USDT,39050.0,39178.75,38900.75,39080.01000000,1422.4204320000001,55584308.96209459,40365.0,
1623843000000,2021-06-16 11:30:00,BTC/USDT,39230.51,39239.3,38877.46,39050.00000000,2059.44295,80462594.52412963,55331.0,
1623842100000,2021-06-16 11:15:00,BTC/USDT,39263.32,39275.0,39050.0,39230.51000000,1558.3546039999997,61069537.62666124,45820.0,
1623841200000,2021-06-16 11:00:00,BTC/USDT,39756.43,39776.68,39112.0,39263.32000000,3029.3246639999993,119221753.60807715,68722.0,
1623840300000,2021-06-16 10:45:00,BTC/USDT,39721.0,39813.74,39666.0,39756.43000000,790.711652,31425875.260337364,25593.0,
1623839400000,2021-06-16 10:30:00,BTC/USDT,39949.9,39949.9,39682.27,39721.01000000,1045.962234,41640487.73803217,28535.0,
1623838500000,2021-06-16 10:15:00,BTC/USDT,39986.15,40063.88,39908.74,39949.89000000,523.058327,20910502.16225977,19383.0,
1623837600000,2021-06-16 10:00:00,BTC/USDT,39952.71,40042.03,39800.0,39987.26000000,643.23474,25685780.769712463,22519.0,
1623836700000,2021-06-16 09:45:00,BTC/USDT,40142.72,40148.16,39910.0,39952.70000000,491.252281,19663700.72264119,9541.0,
1623835800000,2021-06-16 09:30:00,BTC/USDT,40026.24,40178.85,40012.26,40142.72000000,453.630686,18182700.93001295,9808.0,
1623834900000,2021-06-16 09:15:00,BTC/USDT,39989.0,40042.0,39880.0,40026.25000000,1090.469106,43546536.20685393,12732.0,
1623834000000,2021-06-16 09:00:00,BTC/USDT,40042.92,40089.92,39989.0,39989.01000000,397.13337,15898691.64847109,9098.0,
1623833100000,2021-06-16 08:45:00,BTC/USDT,40060.48,40127.7,39999.77,40040.85000000,497.50860499999993,19926469.996336576,20290.0,
1623832200000,2021-06-16 08:30:00,BTC/USDT,40018.98,40090.18,39970.0,40063.66000000,587.1568769999999,23499286.791667838,32441.0,
1623831300000,2021-06-16 08:15:00,BTC/USDT,40214.5,40223.4,39900.0,40018.98000000,883.826077,35411502.031619355,37355.0,
1623830400000,2021-06-16 08:00:00,BTC/USDT,40126.87,40260.14,40085.02,40214.51000000,688.349872,27649584.835096527,32928.0,
1623829500000,2021-06-16 07:45:00,BTC/USDT,40224.99,40276.62,40041.0,40126.87000000,714.0202760000001,28691304.248819727,41160.0,
1623828600000,2021-06-16 07:30:00,BTC/USDT,40248.28,40263.12,40155.05,40224.70000000,958.720811,38554260.86611131,43320.0,
1623827700000,2021-06-16 07:15:00,BTC/USDT,40310.48,40344.69,40217.0,40248.29000000,933.083788,37574654.10633507,36236.0,
1623826800000,2021-06-16 07:00:00,BTC/USDT,40392.22,40462.78,40300.74,40310.49000000,872.248297,35239638.64607533,34622.0,
1623825900000,2021-06-16 06:45:00,BTC/USDT,40407.63,40527.14,40340.0,40392.23000000,945.7879859999998,38263526.81258176,27933.0,
1623825000000,2021-06-16 06:30:00,BTC/USDT,40442.03,40471.08,40355.56,40407.64000000,718.0123960000001,29017971.279647794,22004.0,
1623824100000,2021-06-16 06:15:00,BTC/USDT,40218.34,40490.0,40196.37,40442.03000000,1600.059179,64558299.59232284,28422.0,
1623823200000,2021-06-16 06:00:00,BTC/USDT,40251.3,40304.12,40178.8,40218.34000000,718.1640229999999,28896277.437607743,19029.0,
1623822300000,2021-06-16 05:45:00,BTC/USDT,40291.11,40324.95,40215.21,40251.31000000,979.687541,39455450.16947811,23332.0,
1623821400000,2021-06-16 05:30:00,BTC/USDT,40191.22,40368.68,40150.06,40291.12000000,625.0174219999999,25173519.80545866,21021.0,
1623820500000,2021-06-16 05:15:00,BTC/USDT,40207.75,40247.18,40150.5,40191.22000000,502.6714509999999,20208821.246598694,18796.0,
1623819600000,2021-06-16 05:00:00,BTC/USDT,40272.77,40368.68,40158.42,40207.75000000,851.8660030000001,34312201.235958606,20873.0,
1623818700000,2021-06-16 04:45:00,BTC/USDT,40247.97,40345.89,40202.03,40272.77000000,915.9453339999999,36908339.203792304,15604.0,
1623817800000,2021-06-16 04:30:00,BTC/USDT,39895.82,40441.25,39874.41,40243.32000000,2450.229039,98682645.56861153,35656.0,
1623816900000,2021-06-16 04:15:00,BTC/USDT,39966.46,40000.41,39840.0,39895.82000000,520.072107,20767758.04127325,14244.0,
1623816000000,2021-06-16 04:00:00,BTC/USDT,40013.64,40048.0,39902.0,39966.46000000,358.958531,14349790.22703013,11177.0,
1623815100000,2021-06-16 03:45:00,BTC/USDT,40010.26,40099.0,39968.4,40013.63000000,278.642814,11154397.86300163,18041.0,
1623814200000,2021-06-16 03:30:00,BTC/USDT,39879.47,40032.97,39830.81,40010.26000000,376.44262599999996,15038643.99938697,19525.0,
1623813300000,2021-06-16 03:15:00,BTC/USDT,39862.03,39998.94,39827.97,39879.48000000,395.86497,15794824.26213087,19245.0,
1623812400000,2021-06-16 03:00:00,BTC/USDT,40045.22,40050.0,39824.28,39862.03000000,463.0746690000001,18477592.922863714,19936.0,
1623811500000,2021-06-16 02:45:00,BTC/USDT,39994.09,40095.92,39890.0,40045.22000000,349.16557700000004,13964890.380645819,7052.0,
1623810600000,2021-06-16 02:30:00,BTC/USDT,40130.54,40163.0,39960.01,39994.09000000,264.6585,10605116.483129112,6660.0,
1623809700000,2021-06-16 02:15:00,BTC/USDT,40107.65,40181.95,40043.0,40130.54000000,251.53415500000003,10088152.41097219,6641.0,
1623808800000,2021-06-16 02:00:00,BTC/USDT,40089.63,40150.0,40024.77,40107.65000000,493.1036689999999,19779568.746417902,9539.0,
1623807900000,2021-06-16 01:45:00,BTC/USDT,40004.31,40099.46,39937.02,40089.63000000,397.538577,15903962.061178155,9380.0,
1623807000000,2021-06-16 01:30:00,BTC/USDT,39855.3,40050.0,39855.3,40004.31000000,457.049029,18268841.23030762,10933.0,
1623806100000,2021-06-16 01:15:00,BTC/USDT,39812.11,39879.99,39700.01,39857.49000000,472.37648599999994,18795132.22702726,12509.0,
1623805200000,2021-06-16 01:00:00,BTC/USDT,39880.04,39908.02,39610.0,39812.11000000,825.394823,32813048.643139906,18529.0,
1623804300000,2021-06-16 00:45:00,BTC/USDT,39986.73,40047.88,39810.0,39880.03000000,395.86938699999996,15807635.83343671,15801.0,
1623803400000,2021-06-16 00:30:00,BTC/USDT,39969.96,40073.02,39901.01,39986.72000000,379.85914600000007,15190608.6232182,15321.0,
1623802500000,2021-06-16 00:15:00,BTC/USDT,40112.68,40134.0,39910.24,39969.96000000,629.98511,25231345.3035916,17029.0,
1623801600000,2021-06-16 00:00:00,BTC/USDT,40143.8,40154.34,39962.16,40112.68000000,765.9150950000002,30680294.33667164,21575.0,
1623800700000,2021-06-15 23:45:00,BTC/USDT,40327.52,40365.27,40126.31,40144.04000000,614.0932650000001,24720741.04971499,18128.0,
1623799800000,2021-06-15 23:30:00,BTC/USDT,40267.37,40356.0,40210.0,40327.52000000,293.607146,11826098.953229489,16145.0,
1623798900000,2021-06-15 23:15:00,BTC/USDT,40125.01,40364.2,40088.97,40267.36000000,610.2459839999999,24557705.659404565,21390.0,
1623798000000,2021-06-15 23:00:00,BTC/USDT,40126.45,40200.0,40080.48,40125.01000000,432.49005600000004,17357680.89568637,17526.0,
1623797100000,2021-06-15 22:45:00,BTC/USDT,40136.58,40181.99,40050.0,40126.46000000,367.09341200000006,14728107.486716159,9270.0,
1623796200000,2021-06-15 22:30:00,BTC/USDT,40151.43,40199.0,40056.5,40136.58000000,485.04200900000006,19459645.73252289,10636.0,
1623795300000,2021-06-15 22:15:00,BTC/USDT,40120.98,40200.95,40067.08,40156.14000000,530.7677639999999,21308587.562146053,13139.0,
1623794400000,2021-06-15 22:00:00,BTC/USDT,39966.0,40147.99,39958.41,40124.31000000,555.154211,22233983.55852761,13035.0,
1623793500000,2021-06-15 21:45:00,BTC/USDT,40042.38,40064.0,39900.0,39963.48000000,366.14699500000006,14635963.553239191,9812.0,
1623792600000,2021-06-15 21:30:00,BTC/USDT,40001.0,40103.57,39966.76,40042.38000000,347.55679599999996,13908624.47937659,10307.0,
1623791700000,2021-06-15 21:15:00,BTC/USDT,40004.78,40098.77,39961.31,40001.00000000,412.920759,16521945.0370574,9366.0,
1623790800000,2021-06-15 21:00:00,BTC/USDT,39950.21,40041.99,39841.58,40004.78000000,550.465842,21996185.491273776,11278.0,
1623789900000,2021-06-15 20:45:00,BTC/USDT,40025.84,40042.16,39741.99,39950.20000000,836.2723639999998,33360628.96238521,23609.0,
1623789000000,2021-06-15 20:30:00,BTC/USDT,40012.16,40219.61,39934.62,40024.07000000,1238.109984,49594661.794235006,25498.0,
1623788100000,2021-06-15 20:15:00,BTC/USDT,39788.1,40099.77,39730.0,40012.17000000,1153.258129,46048665.34021712,28496.0,
1623787200000,2021-06-15 20:00:00,BTC/USDT,39957.76,39967.17,39506.4,39788.10000000,1813.9194939999998,72044108.66529244,41766.0,
1623786300000,2021-06-15 19:45:00,BTC/USDT,40104.08,40137.21,39768.0,39958.01000000,1704.7645949999999,68070612.89475751,26165.0,
1623785400000,2021-06-15 19:30:00,BTC/USDT,40119.31,40226.49,40025.0,40104.08000000,1266.1272470000001,50794189.282803476,19146.0,
1623784500000,2021-06-15 19:15:00,BTC/USDT,40468.51,40554.43,39848.34,40119.31000000,2297.9014589999997,92421018.5811415,37551.0,
1623783600000,2021-06-15 19:00:00,BTC/USDT,40598.57,40724.35,40400.0,40468.50000000,1256.665195,50966810.51488177,22263.0,
1623782700000,2021-06-15 18:45:00,BTC/USDT,40890.0,40959.26,40502.0,40598.57000000,2040.7520339999999,82929106.0918136,33607.0,
1623781800000,2021-06-15 18:30:00,BTC/USDT,41154.87,41197.85,40880.0,40890.01000000,1305.2142890000002,53581193.153211445,24047.0,
1623780900000,2021-06-15 18:15:00,BTC/USDT,41316.03,41328.99,41100.0,41154.88000000,1663.318382,68565309.42812023,25767.0,
1623780000000,2021-06-15 18:00:00,BTC/USDT,40703.04,41330.0,40702.95,41316.03000000,3821.4535610000003,157181957.43082136,75035.0,
1623779100000,2021-06-15 17:45:00,BTC/USDT,40296.77,40786.0,40292.1,40702.95000000,2483.933391,100752576.98926444,35796.0,
1623778200000,2021-06-15 17:30:00,BTC/USDT,40248.47,40344.59,40230.8,40296.59000000,442.05328,17812094.8367474,9273.0,
1623777300000,2021-06-15 17:15:00,BTC/USDT,40342.78,40391.64,40148.37,40248.00000000,780.7822510000001,31460481.86423783,15026.0,
1623776400000,2021-06-15 17:00:00,BTC/USDT,40182.26,40372.72,40127.66,40342.77000000,999.8516000000001,40248485.41475275,20370.0,
1623775500000,2021-06-15 16:45:00,BTC/USDT,40121.28,40278.0,40086.38,40182.26000000,493.2553910000001,19825853.67423259,11866.0,
1623774600000,2021-06-15 16:30:00,BTC/USDT,40074.06,40237.19,40001.01,40121.28000000,740.1905969999999,29711111.482800364,14715.0,
1623773700000,2021-06-15 16:15:00,BTC/USDT,40131.69,40171.24,40047.41,40074.06000000,403.253423,16180202.250376567,10459.0,
1623772800000,2021-06-15 16:00:00,BTC/USDT,40065.01,40192.05,39986.4,40131.69000000,813.22923,32607588.523394633,16635.0,
1623771900000,2021-06-15 15:45:00,BTC/USDT,39935.02,40089.75,39917.11,40065.01000000,537.3457530000001,21498081.267111436,14411.0,
1623771000000,2021-06-15 15:30:00,BTC/USDT,39990.77,40042.76,39890.02,39935.01000000,433.56614999999994,17326159.22674451,14791.0,
1623770100000,2021-06-15 15:15:00,BTC/USDT,39928.1,40005.0,39800.0,39990.77000000,738.3013970000001,29470077.430047996,18763.0,
1623769200000,2021-06-15 15:00:00,BTC/USDT,40000.32,40046.71,39720.0,39928.11000000,1118.19083,44585444.6353667,25040.0,
1623768300000,2021-06-15 14:45:00,BTC/USDT,39995.23,40094.82,39910.3,40001.88000000,631.699646,25273578.009198885,19095.0,
1623767400000,2021-06-15 14:30:00,BTC/USDT,40020.99,40084.37,39856.84,39993.78000000,988.882311,39517402.19528702,23427.0,
1623766500000,2021-06-15 14:15:00,BTC/USDT,40194.0,40233.63,39925.0,40021.00000000,978.7282510000001,39204057.556147695,23718.0,
1623765600000,2021-06-15 14:00:00,BTC/USDT,40280.32,40333.08,40000.0,40194.01000000,826.1699209999999,33161490.19506137,20402.0,
1623764700000,2021-06-15 13:45:00,BTC/USDT,40269.91,40374.79,40159.64,40280.32000000,717.241182,28861172.30188934,29058.0,
1623763800000,2021-06-15 13:30:00,BTC/USDT,40266.56,40332.33,40168.0,40269.91000000,620.237351,24951937.15102457,28597.0,
1623762900000,2021-06-15 13:15:00,BTC/USDT,40231.82,40320.0,40145.97,40266.56000000,552.3824450000001,22227568.407120515,26488.0,
1623762000000,2021-06-15 13:00:00,BTC/USDT,40419.86,40423.08,40203.03,40231.82000000,869.8235060000002,35035336.374610476,31877.0,
1623761100000,2021-06-15 12:45:00,BTC/USDT,39903.72,40450.0,39869.0,40417.84000000,1613.7310920000002,64962841.04584955,34961.0,
1623760200000,2021-06-15 12:30:00,BTC/USDT,40069.92,40069.93,39869.0,39903.72000000,511.6305589999999,20454593.930739656,19985.0,
1623759300000,2021-06-15 12:15:00,BTC/USDT,40159.78,40172.34,40027.79,40067.46000000,465.70386500000006,18672990.778299924,19898.0,
1623758400000,2021-06-15 12:00:00,BTC/USDT,39839.9,40170.0,39751.31,40159.79000000,1066.4466349999998,42692788.371190704,26231.0,
1623757500000,2021-06-15 11:45:00,BTC/USDT,39783.07,39865.0,39680.05,39839.90000000,629.769173,25054209.81583617,22010.0,
1623756600000,2021-06-15 11:30:00,BTC/USDT,39964.81,39996.66,39672.86,39783.07000000,970.816171,38635908.748997316,29822.0,
1623755700000,2021-06-15 11:15:00,BTC/USDT,40009.35,40062.76,39953.2,39964.82000000,771.401306,30856038.69822814,21826.0,
1623754800000,2021-06-15 11:00:00,BTC/USDT,39916.67,40100.0,39908.96,40009.35000000,738.939759,29567005.944441047,21583.0,
1623753900000,2021-06-15 10:45:00,BTC/USDT,40018.39,40060.0,39882.03,39916.68000000,430.93153599999994,17216090.817132328,22610.0,
1623753000000,2021-06-15 10:30:00,BTC/USDT,40024.92,40070.52,39911.02,40018.39000000,545.141167,21797717.651927494,24621.0,
1623752100000,2021-06-15 10:15:00,BTC/USDT,40003.99,40069.06,39890.95,40024.92000000,573.9126740000002,22936739.897272706,25346.0,
1623751200000,2021-06-15 10:00:00,BTC/USDT,40099.58,40200.0,39960.23,40003.99000000,688.9532719999999,27596737.846670255,27012.0,
1623750300000,2021-06-15 09:45:00,BTC/USDT,40045.0,40130.51,39884.06,40099.58000000,701.353497,28046369.58303838,20836.0,
1623749400000,2021-06-15 09:30:00,BTC/USDT,40105.94,40170.0,39934.4,40045.01000000,638.469937,25569057.276199117,22220.0,
1623748500000,2021-06-15 09:15:00,BTC/USDT,39682.29,40232.0,39682.29,40105.94000000,1341.2122669999999,53595602.029025316,32744.0,
1623747600000,2021-06-15 09:00:00,BTC/USDT,39798.22,39836.68,39531.0,39682.29000000,1403.2360929999998,55680133.85645,32898.0,
1623746700000,2021-06-15 08:45:00,BTC/USDT,39959.09,40048.85,39654.0,39798.22000000,1891.6976329999998,75269150.26402706,30982.0,
1623745800000,2021-06-15 08:30:00,BTC/USDT,40298.13,40298.13,39902.02,39959.99000000,1387.983459,55629227.79022707,23844.0,
1623744900000,2021-06-15 08:15:00,BTC/USDT,40268.86,40400.0,40261.48,40298.12000000,569.4946520000002,22969394.77051762,11609.0,
1623744000000,2021-06-15 08:00:00,BTC/USDT,40367.41,40398.57,40209.21,40268.86000000,579.8695490000001,23367657.75731656,12738.0,
1623743100000,2021-06-15 07:45:00,BTC/USDT,40200.01,40373.28,40200.0,40365.74000000,553.817013,22316560.18301856,10247.0,
1623742200000,2021-06-15 07:30:00,BTC/USDT,40271.59,40373.73,40158.37,40200.01000000,530.5800859999999,21363895.17174833,11226.0,
1623741300000,2021-06-15 07:15:00,BTC/USDT,40210.5,40300.0,40104.99,40271.70000000,459.69387400000005,18487833.82727178,10330.0,
1623740400000,2021-06-15 07:00:00,BTC/USDT,40282.94,40330.0,40100.0,40210.50000000,638.6796679999999,25657822.953387283,14172.0,
1623739500000,2021-06-15 06:45:00,BTC/USDT,40344.97,40344.97,40211.69,40282.94000000,506.720694,20409491.734030727,10162.0,
1623738600000,2021-06-15 06:30:00,BTC/USDT,40451.54,40457.92,40276.31,40344.96000000,595.6488840000001,24029180.395493466,11737.0,
1623737700000,2021-06-15 06:15:00,BTC/USDT,40432.2,40512.49,40432.2,40451.55000000,510.14519300000006,20646639.21919817,11532.0,
1623736800000,2021-06-15 06:00:00,BTC/USDT,40331.07,40459.25,40255.55,40432.20000000,795.3277499999999,32117758.487130824,13289.0,
1623735900000,2021-06-15 05:45:00,BTC/USDT,40302.58,40397.47,40204.2,40331.07000000,519.985217,20961298.74733595,10864.0,
1623735000000,2021-06-15 05:30:00,BTC/USDT,40343.69,40439.28,40230.0,40302.58000000,583.998852,23559704.706849255,11344.0,
1623734100000,2021-06-15 05:15:00,BTC/USDT,40394.98,40415.91,40228.36,40343.69000000,665.535592,26827175.870407037,12884.0,
1623733200000,2021-06-15 05:00:00,BTC/USDT,40504.71,40535.96,40367.35,40394.99000000,412.077736,16669663.27399922,11682.0,
1623732300000,2021-06-15 04:45:00,BTC/USDT,40525.22,40580.0,40418.1,40504.71000000,727.0158289999999,29463776.749024898,20247.0,
1623731400000,2021-06-15 04:30:00,BTC/USDT,40394.93,40566.59,40385.01,40525.22000000,518.181819,20971554.05005318,19479.0,
1623730500000,2021-06-15 04:15:00,BTC/USDT,40377.99,40450.0,40285.71,40394.92000000,393.751376,15901316.94905125,17190.0,
1623729600000,2021-06-15 04:00:00,BTC/USDT,40403.13,40500.0,40285.71,40378.00000000,510.515626,20618093.581792448,18479.0,
1623728700000,2021-06-15 03:45:00,BTC/USDT,40422.64,40600.0,40323.91,40404.86000000,550.3389139999999,22259301.139580943,12347.0,
1623727800000,2021-06-15 03:30:00,BTC/USDT,40400.0,40555.0,40397.28,40422.63000000,451.61182600000006,18273345.049515843,11551.0,
1623726900000,2021-06-15 03:15:00,BTC/USDT,40320.05,40496.22,40314.43,40400.00000000,601.2712629999999,24313516.19098862,13070.0,
1623726000000,2021-06-15 03:00:00,BTC/USDT,40256.41,40575.0,40252.12,40320.35000000,746.3568549999999,30187835.993417338,18459.0,
1623725100000,2021-06-15 02:45:00,BTC/USDT,40133.02,40285.0,40000.0,40256.41000000,530.680844,21317223.591462824,10028.0,
1623724200000,2021-06-15 02:30:00,BTC/USDT,40361.33,40370.0,40056.33,40128.79000000,717.255014,28851879.05079614,11389.0,
1623723300000,2021-06-15 02:15:00,BTC/USDT,40200.0,40391.64,40130.72,40361.33000000,797.577293,32127426.6448747,13844.0,
1623722400000,2021-06-15 02:00:00,BTC/USDT,39922.03,40225.0,39887.7,40200.01000000,727.1611480000001,29131344.75418689,13279.0,
1623721500000,2021-06-15 01:45:00,BTC/USDT,40059.08,40130.0,39856.6,39922.03000000,651.30177,26061873.59016917,24198.0,
1623720600000,2021-06-15 01:30:00,BTC/USDT,40211.09,40216.28,40013.67,40059.08000000,535.360064,21473421.228442352,22174.0,
1623719700000,2021-06-15 01:15:00,BTC/USDT,40194.82,40250.02,40125.19,40211.09000000,454.201431,18250902.04147031,19886.0,
1623718800000,2021-06-15 01:00:00,BTC/USDT,40355.89,40459.62,40130.48,40194.82000000,651.578935,26234641.70689891,23525.0,
1623717900000,2021-06-15 00:45:00,BTC/USDT,40574.32,40584.96,40260.0,40355.88000000,779.7965340000002,31507304.664672107,16525.0,
1623717000000,2021-06-15 00:30:00,BTC/USDT,40716.69,40721.07,40477.57,40574.32000000,875.109832,35519950.69960248,15452.0,
1623716100000,2021-06-15 00:15:00,BTC/USDT,40427.5,40900.0,40422.08,40716.69000000,1588.2198629999998,64689406.70071191,30524.0,
1623715200000,2021-06-15 00:00:00,BTC/USDT,40516.28,40671.05,40169.51,40428.43000000,1446.972869,58451086.42344752,24210.0,
1623714300000,2021-06-14 23:45:00,BTC/USDT,40462.85,40605.87,40447.74,40516.29000000,1052.7109869999997,42620698.55088137,15726.0,
1623713400000,2021-06-14 23:30:00,BTC/USDT,40471.48,40497.31,40353.01,40462.85000000,445.826954,18019450.476644438,10290.0,
1623712500000,2021-06-14 23:15:00,BTC/USDT,40260.01,40480.0,40256.59,40471.51000000,916.5119330000001,37022663.39970974,16444.0,
1623711600000,2021-06-14 23:00:00,BTC/USDT,40166.21,40295.0,40085.69,40261.97000000,422.304076,16966978.48925715,9106.0,
1623710700000,2021-06-14 22:45:00,BTC/USDT,40178.04,40260.0,40110.0,40166.21000000,364.540073,14648811.562468,20260.0,
1623709800000,2021-06-14 22:30:00,BTC/USDT,40141.57,40332.73,40061.14,40178.05000000,614.7676150000001,24721593.492956847,25870.0,
1623708900000,2021-06-14 22:15:00,BTC/USDT,40231.08,40283.95,40031.36,40141.57000000,639.1408950000002,25662544.70464345,25610.0,
1623708000000,2021-06-14 22:00:00,BTC/USDT,40270.0,40400.0,40175.89,40231.08000000,705.988213,28438998.686424207,27165.0,
1623707100000,2021-06-14 21:45:00,BTC/USDT,40123.45,40288.99,40103.0,40270.00000000,700.9885,28174792.375128817,16360.0,
1623706200000,2021-06-14 21:30:00,BTC/USDT,40062.79,40222.16,39962.83,40123.45000000,740.4661430000001,29693609.13640634,20002.0,
1623705300000,2021-06-14 21:15:00,BTC/USDT,40136.22,40198.33,39960.0,40062.72000000,613.083076,24557403.12365881,18323.0,
1623704400000,2021-06-14 21:00:00,BTC/USDT,39820.97,40340.62,39820.97,40136.22000000,1416.2359960000003,56882869.63761066,31486.0,
1623703500000,2021-06-14 20:45:00,BTC/USDT,39794.33,39884.0,39730.8,39820.97000000,482.71426899999994,19214532.52683939,19986.0,
1623702600000,2021-06-14 20:30:00,BTC/USDT,39771.67,39805.0,39602.0,39794.32000000,509.76316499999996,20233536.24467727,19962.0,
1623701700000,2021-06-14 20:15:00,BTC/USDT,39907.46,39910.44,39660.8,39768.82000000,695.1348580000001,27647555.693286356,24128.0,
1623700800000,2021-06-14 20:00:00,BTC/USDT,39716.06,39958.87,39627.47,39907.46000000,849.7179240000002,33853699.986899965,26803.0,
1623699900000,2021-06-14 19:45:00,BTC/USDT,39691.0,39798.49,39518.16,39716.06000000,676.2068879999999,26830583.97805754,14086.0,
1623699000000,2021-06-14 19:30:00,BTC/USDT,39494.94,39782.71,39461.44,39690.99000000,811.6292990000001,32175366.7209489,16538.0,
1623698100000,2021-06-14 19:15:00,BTC/USDT,39486.27,39597.24,39323.1,39494.95000000,1295.321406,51150378.42115416,25197.0,
1623697200000,2021-06-14 19:00:00,BTC/USDT,39732.82,39850.0,39340.0,39486.26000000,1826.9146219999998,72315746.08326767,33411.0,
1623696300000,2021-06-14 18:45:00,BTC/USDT,39886.25,39950.0,39657.0,39732.81000000,1272.4329050000003,50616406.16823524,24971.0,
1623695400000,2021-06-14 18:30:00,BTC/USDT,40001.0,40057.39,39820.0,39886.26000000,1011.3385039999998,40384933.353441164,15985.0,
1623694500000,2021-06-14 18:15:00,BTC/USDT,40117.08,40163.43,40000.47,40001.00000000,686.8078119999998,27525802.348184716,12656.0,
1623693600000,2021-06-14 18:00:00,BTC/USDT,40217.39,40277.55,40077.85,40117.07000000,537.0071,21566871.16920566,12725.0,
1623692700000,2021-06-14 17:45:00,BTC/USDT,40260.3,40260.3,40144.06,40217.39000000,571.118572,22962504.96518507,13023.0,
1623691800000,2021-06-14 17:30:00,BTC/USDT,40079.62,40319.75,40068.55,40260.31000000,781.639167,31421871.42794146,17543.0,
1623690900000,2021-06-14 17:15:00,BTC/USDT,40036.06,40200.0,39950.45,40079.61000000,701.5738120000001,28127957.343464598,17831.0,
1623690000000,2021-06-14 17:00:00,BTC/USDT,40159.97,40200.0,39958.89,40036.06000000,1429.5513170000002,57334986.17294486,23369.0,
1623689100000,2021-06-14 16:45:00,BTC/USDT,39856.12,40182.31,39843.47,40159.97000000,1673.751898,66955990.05435488,31317.0,
1623688200000,2021-06-14 16:30:00,BTC/USDT,40270.76,40350.0,39813.0,39856.12000000,2864.4644,114710978.37290323,45027.0,
1623687300000,2021-06-14 16:15:00,BTC/USDT,40509.03,40579.0,40203.75,40270.76000000,1511.147504,61060808.954833746,31808.0,
1623686400000,2021-06-14 16:00:00,BTC/USDT,40685.37,40740.03,40125.55,40506.37000000,2294.9217989999997,92889275.77555826,42790.0,
1623685500000,2021-06-14 15:45:00,BTC/USDT,40546.67,40704.66,40515.0,40685.37000000,977.8679809999999,39740282.7918701,17782.0,
1623684600000,2021-06-14 15:30:00,BTC/USDT,40580.46,40717.99,40539.44,40546.68000000,846.1334,34358516.65043979,16369.0,
1623683700000,2021-06-14 15:15:00,BTC/USDT,40542.17,40740.03,40518.1,40580.47000000,1148.4325889999998,46677832.70807076,21600.0,
1623682800000,2021-06-14 15:00:00,BTC/USDT,40543.46,40640.35,40430.32,40542.17000000,1590.5755479999998,64456480.03504557,26983.0,
1623681900000,2021-06-14 14:45:00,BTC/USDT,40794.55,40893.51,40489.13,40543.46000000,1610.792262,65540659.585273884,32927.0,
1623681000000,2021-06-14 14:30:00,BTC/USDT,40940.16,41035.31,40725.27,40791.32000000,1561.876337,63803402.26741494,31706.0,
1623680100000,2021-06-14 14:15:00,BTC/USDT,40653.71,41064.05,40640.67,40940.08000000,4152.7592079999995,169786115.25096002,81870.0,
1623679200000,2021-06-14 14:00:00,BTC/USDT,40537.59,40746.78,40400.0,40644.41000000,1818.731377,73799778.12181634,36787.0,
1623678300000,2021-06-14 13:45:00,BTC/USDT,40751.28,40758.84,40440.0,40538.24000000,1839.3941650000002,74658694.51031372,38417.0,
1623677400000,2021-06-14 13:30:00,BTC/USDT,40520.0,40826.32,40400.0,40758.86000000,3284.4244110000004,133464538.06137905,66815.0,
1623676500000,2021-06-14 13:15:00,BTC/USDT,40495.47,40659.42,40250.0,40520.01000000,3165.8378669999997,128124581.867281,54176.0,
1623675600000,2021-06-14 13:00:00,BTC/USDT,39590.87,40500.0,39525.74,40495.47000000,5738.076858,230085896.19919002,107410.0,
1623674700000,2021-06-14 12:45:00,BTC/USDT,39487.82,39635.88,39422.23,39590.87000000,1199.4412509999997,47409203.77035522,18999.0,
1623673800000,2021-06-14 12:30:00,BTC/USDT,39272.37,39600.0,39222.98,39487.82000000,1425.066497,56166400.36806456,22285.0,
1623672900000,2021-06-14 12:15:00,BTC/USDT,39106.79,39342.33,39040.0,39272.37000000,1175.46534,46096472.46018307,16220.0,
1623672000000,2021-06-14 12:00:00,BTC/USDT,39166.33,39179.86,39042.57,39106.80000000,734.500168,28732060.82125222,12983.0,
1623671100000,2021-06-14 11:45:00,BTC/USDT,39163.73,39282.87,39151.8,39166.33000000,543.322568,21301256.98432025,9305.0,
1623670200000,2021-06-14 11:30:00,BTC/USDT,39200.0,39236.04,39126.8,39163.73000000,574.114022,22489761.709205095,11118.0,
1623669300000,2021-06-14 11:15:00,BTC/USDT,39344.73,39347.75,39148.21,39200.00000000,455.180607,17860244.13180132,11634.0,
1623668400000,2021-06-14 11:00:00,BTC/USDT,39325.02,39449.25,39295.01,39344.72000000,541.2507369999998,21299777.921087053,12212.0,
1623667500000,2021-06-14 10:45:00,BTC/USDT,39250.02,39400.0,39244.64,39325.02000000,907.5327000000001,35696835.64085202,15416.0,
1623666600000,2021-06-14 10:30:00,BTC/USDT,39192.27,39275.0,39113.49,39250.02000000,517.871712,20296829.37185609,11498.0,
1623665700000,2021-06-14 10:15:00,BTC/USDT,39176.49,39249.44,39138.81,39191.22000000,662.361342,25963696.221513696,11335.0,
1623664800000,2021-06-14 10:00:00,BTC/USDT,39097.0,39194.98,39034.0,39176.48000000,487.3200730000001,19076801.98416393,11567.0,
1623663900000,2021-06-14 09:45:00,BTC/USDT,39155.78,39259.1,39053.07,39097.00000000,643.7276199999999,25186396.21871512,12747.0,
1623663000000,2021-06-14 09:30:00,BTC/USDT,39200.0,39259.31,39050.0,39155.78000000,562.8973309999999,22025532.432583664,12810.0,
1623662100000,2021-06-14 09:15:00,BTC/USDT,39100.01,39500.0,39039.33,39200.00000000,2580.590537,101512521.10751666,31426.0,
1623661200000,2021-06-14 09:00:00,BTC/USDT,39008.25,39165.85,38967.72,39100.00000000,614.390475,24011233.691279113,13748.0,
1623660300000,2021-06-14 08:45:00,BTC/USDT,39114.18,39193.24,38820.0,39008.27000000,1056.300548,41198178.848683625,32815.0,
1623659400000,2021-06-14 08:30:00,BTC/USDT,39180.23,39308.01,39091.39,39114.18000000,685.7507399999998,26890455.627902348,23715.0,
1623658500000,2021-06-14 08:15:00,BTC/USDT,39148.94,39252.49,38960.49,39180.23000000,844.4235030000001,33047923.026549682,29519.0,
1623657600000,2021-06-14 08:00:00,BTC/USDT,39555.25,39629.01,39090.03,39148.10000000,1804.861721,70955649.95686628,34889.0,
1623656700000,2021-06-14 07:45:00,BTC/USDT,39601.25,39601.25,39440.0,39555.24000000,550.974737,21770165.348437615,12446.0,
1623655800000,2021-06-14 07:30:00,BTC/USDT,39615.16,39676.29,39532.45,39601.25000000,714.4364270000001,28288132.91304573,13989.0,
1623654900000,2021-06-14 07:15:00,BTC/USDT,39502.52,39677.0,39472.86,39613.63000000,712.7388850000001,28196683.421459947,14131.0,
1623654000000,2021-06-14 07:00:00,BTC/USDT,39609.25,39609.64,39468.03,39502.52000000,655.052173,25895832.81871597,15048.0,
1623653100000,2021-06-14 06:45:00,BTC/USDT,39305.66,39700.0,39271.11,39609.26000000,1310.328536,51804710.38970265,24473.0,
1623652200000,2021-06-14 06:30:00,BTC/USDT,39295.28,39350.0,39183.67,39305.66000000,597.9950190000001,23483341.71267626,11555.0,
1623651300000,2021-06-14 06:15:00,BTC/USDT,39246.75,39419.29,39162.98,39295.28000000,700.064508,27517827.32034145,13534.0,
1623650400000,2021-06-14 06:00:00,BTC/USDT,39403.79,39514.38,39213.14,39246.75000000,1160.752488,45734812.059491426,17840.0,
1623649500000,2021-06-14 05:45:00,BTC/USDT,39410.72,39603.13,39400.0,39403.78000000,910.2019760000001,35921551.16384816,26914.0,
1623648600000,2021-06-14 05:30:00,BTC/USDT,39405.19,39570.01,39380.0,39410.72000000,1059.577242,41805622.87414384,30616.0,
1623647700000,2021-06-14 05:15:00,BTC/USDT,39374.14,39416.05,39255.96,39405.19000000,783.390171,30808145.65782074,23281.0,
1623646800000,2021-06-14 05:00:00,BTC/USDT,39258.43,39401.7,39120.0,39374.14000000,741.2477100000001,29094178.475706346,23004.0,
1623645900000,2021-06-14 04:45:00,BTC/USDT,39296.54,39347.31,39180.48,39258.44000000,590.008528,23158181.58255704,11049.0,
1623645000000,2021-06-14 04:30:00,BTC/USDT,39156.76,39360.0,39100.0,39296.54000000,630.474894,24707137.05220345,13749.0,
1623644100000,2021-06-14 04:15:00,BTC/USDT,38809.85,39279.44,38807.45,39156.76000000,1063.7047850000001,41610739.30385991,21610.0,
1623643200000,2021-06-14 04:00:00,BTC/USDT,38975.14,39011.81,38782.34,38809.81000000,458.9101069999999,17839218.1524147,10373.0,
1623642300000,2021-06-14 03:45:00,BTC/USDT,38759.07,39081.63,38757.66,38975.14000000,655.751037,25518590.922608808,12620.0,
1623641400000,2021-06-14 03:30:00,BTC/USDT,38858.59,38964.98,38730.0,38757.65000000,828.912106,32193116.65758998,15471.0,
1623640500000,2021-06-14 03:15:00,BTC/USDT,38854.84,39000.0,38853.11,38858.59000000,799.3553059999999,31124546.880477782,10565.0,
1623639600000,2021-06-14 03:00:00,BTC/USDT,38979.45,39014.01,38832.07,38854.84000000,741.9007339999999,28851966.735921428,11644.0,
1623638700000,2021-06-14 02:45:00,BTC/USDT,38958.02,39047.13,38907.0,38977.75000000,602.035317,23464946.50174048,9260.0,
1623637800000,2021-06-14 02:30:00,BTC/USDT,38994.99,38999.99,38888.68,38958.01000000,711.4681680000001,27718154.642810263,9643.0,
1623636900000,2021-06-14 02:15:00,BTC/USDT,39170.55,39170.67,38850.66,38994.98000000,1180.244204,46005203.76755756,19872.0,
1623636000000,2021-06-14 02:00:00,BTC/USDT,39176.61,39299.91,39060.36,39165.91000000,969.129501,37948451.724859044,14766.0,
1623635100000,2021-06-14 01:45:00,BTC/USDT,39328.2,39395.76,39058.36,39176.62000000,1697.676582,66558052.56739947,23230.0,
1623634200000,2021-06-14 01:30:00,BTC/USDT,39298.43,39800.0,38938.55,39326.98000000,4521.2935290000005,178866362.1075639,74986.0,
1623633300000,2021-06-14 01:15:00,BTC/USDT,38996.75,39300.0,38974.7,39292.99000000,1126.662766,44070084.52404094,18113.0,
1623632400000,2021-06-14 01:00:00,BTC/USDT,39122.19,39133.38,38984.91,38996.75000000,897.3601689999999,35042050.73717486,12560.0,
1623631500000,2021-06-14 00:45:00,BTC/USDT,39088.0,39198.0,39010.65,39122.18000000,990.818326,38754309.330805354,15593.0,
1623630600000,2021-06-14 00:30:00,BTC/USDT,39045.16,39122.21,38900.0,39088.01000000,832.585385,32498675.717909023,15210.0,
1623629700000,2021-06-14 00:15:00,BTC/USDT,38845.27,39080.0,38770.0,39045.15000000,735.6726339999999,28629591.407571997,15280.0,
1623628800000,2021-06-14 00:00:00,BTC/USDT,39020.56,39252.0,38791.76,38845.26000000,1724.6748220000004,67323052.55195329,27783.0,
1623627900000,2021-06-13 23:45:00,BTC/USDT,38795.66,39177.38,38771.94,39020.57000000,922.944747,35990890.144182645,19385.0,
1623627000000,2021-06-13 23:30:00,BTC/USDT,38903.98,38945.6,38788.93,38793.73000000,449.919053,17487108.97799435,9424.0,
1623626100000,2021-06-13 23:15:00,BTC/USDT,38781.0,38988.75,38780.99,38902.28000000,677.81656,26366976.125110503,12079.0,
1623625200000,2021-06-13 23:00:00,BTC/USDT,38873.24,38884.41,38725.01,38780.99000000,579.333278,22468598.725464974,13361.0,
1623624300000,2021-06-13 22:45:00,BTC/USDT,38884.6,38946.27,38796.95,38875.66000000,793.6194409999999,30856127.52560243,13440.0,
1623623400000,2021-06-13 22:30:00,BTC/USDT,38714.78,39022.0,38710.23,38883.81000000,915.9204199999999,35614062.37774322,17870.0,
1623622500000,2021-06-13 22:15:00,BTC/USDT,38741.32,38900.0,38700.0,38714.79000000,870.916604,33803200.57169387,17706.0,
1623621600000,2021-06-13 22:00:00,BTC/USDT,38899.52,39079.9,38708.82,38741.32000000,1207.074575,46994043.18769372,22343.0,
1623620700000,2021-06-13 21:45:00,BTC/USDT,39085.08,39108.99,38840.18,38899.51000000,935.879016,36480733.18809905,32706.0,
1623619800000,2021-06-13 21:30:00,BTC/USDT,38982.13,39197.55,38982.13,39085.08000000,963.9879000000001,37688866.489998095,36484.0,
1623618900000,2021-06-13 21:15:00,BTC/USDT,39013.58,39084.99,38870.0,38982.13000000,856.81293,33379676.83041176,34808.0,
1623618000000,2021-06-13 21:00:00,BTC/USDT,39249.99,39300.0,38790.0,39013.58000000,1834.296962,71564426.34098054,51742.0,
1623617100000,2021-06-13 20:45:00,BTC/USDT,38811.53,39380.0,38800.0,39250.00000000,2912.50604,113799286.98982064,44657.0,
1623616200000,2021-06-13 20:30:00,BTC/USDT,38748.26,38920.69,38680.01,38811.53000000,1666.61759,64654373.205184445,29588.0,
1623615300000,2021-06-13 20:15:00,BTC/USDT,38956.04,39082.17,38655.33,38748.25000000,2556.962651,99215386.33240587,39305.0,
1623614400000,2021-06-13 20:00:00,BTC/USDT,37650.0,39292.01,37636.18,38956.04000000,7981.941607000002,307052409.6626938,146340.0,
1623613500000,2021-06-13 19:45:00,BTC/USDT,37526.95,37750.14,37526.01,37650.00000000,1326.6209219999998,49938139.99524903,37959.0,
1623612600000,2021-06-13 19:30:00,BTC/USDT,37369.63,37563.89,37369.63,37526.95000000,550.689969,20627473.699119188,23624.0,
1623611700000,2021-06-13 19:15:00,BTC/USDT,37404.57,37423.23,37270.0,37369.63000000,658.808898,24601842.82948797,28298.0,
1623610800000,2021-06-13 19:00:00,BTC/USDT,37493.87,37515.67,37350.33,37404.56000000,844.2080880000002,31594601.061529715,28719.0,
1623609900000,2021-06-13 18:45:00,BTC/USDT,37364.83,37500.0,37301.32,37493.87000000,617.771103,23119564.055605415,23751.0,
1623609000000,2021-06-13 18:30:00,BTC/USDT,37497.29,37528.87,37300.04,37364.82000000,946.6890420000002,35416153.98180946,28662.0,
1623608100000,2021-06-13 18:15:00,BTC/USDT,37416.42,37628.23,37366.64,37497.29000000,1721.438413,64560107.28642539,40689.0,
1623607200000,2021-06-13 18:00:00,BTC/USDT,37300.0,37421.81,37260.0,37416.43000000,1044.4297980000001,38998857.35877819,28322.0,
1623606300000,2021-06-13 17:45:00,BTC/USDT,37329.27,37489.75,37280.48,37300.00000000,1228.229983,45885986.0708967,31634.0,
1623605400000,2021-06-13 17:30:00,BTC/USDT,37191.15,37484.51,37095.74,37327.00000000,1445.51291,53874463.21807224,39743.0,
1623604500000,2021-06-13 17:15:00,BTC/USDT,37001.98,37258.68,36961.29,37191.15000000,1251.658967,46458248.68023142,33756.0,
1623603600000,2021-06-13 17:00:00,BTC/USDT,37029.57,37100.76,36848.22,37001.98000000,1358.8797849999996,50193011.12922958,31870.0,
1623602700000,2021-06-13 16:45:00,BTC/USDT,37119.21,37150.9,36958.64,37029.57000000,1462.8690859999997,54176484.91253987,38077.0,
1623601800000,2021-06-13 16:30:00,BTC/USDT,36843.38,37197.86,36817.32,37121.95000000,2235.251493,82710670.66922405,44412.0,
1623600900000,2021-06-13 16:15:00,BTC/USDT,36481.28,36977.45,36401.75,36843.37000000,3489.56659,128173139.21545589,62086.0,
1623600000000,2021-06-13 16:00:00,BTC/USDT,36034.96,36500.0,35970.0,36481.28000000,1881.982763,68299132.42552446,40990.0,
1623599100000,2021-06-13 15:45:00,BTC/USDT,35899.98,36076.64,35863.01,36034.97000000,721.2627799999999,25969809.675912797,11547.0,
1623598200000,2021-06-13 15:30:00,BTC/USDT,35832.15,35969.9,35808.0,35899.98000000,367.96209,13212169.70608942,8940.0,
1623597300000,2021-06-13 15:15:00,BTC/USDT,35924.63,35924.63,35824.02,35827.50000000,266.888018,9572715.754504971,7938.0,
1623596400000,2021-06-13 15:00:00,BTC/USDT,35757.25,35973.48,35725.12,35924.63000000,659.797437,23684431.9742961,10384.0,
1623595500000,2021-06-13 14:45:00,BTC/USDT,35840.81,35898.11,35750.8,35761.30000000,320.42617000000007,11481774.287439791,16854.0,
1623594600000,2021-06-13 14:30:00,BTC/USDT,35752.96,35876.0,35730.0,35840.81000000,658.362069,23576349.9585775,19560.0,
1623593700000,2021-06-13 14:15:00,BTC/USDT,35861.63,35873.1,35670.0,35752.95000000,748.52033,26772054.686721962,21742.0,
1623592800000,2021-06-13 14:00:00,BTC/USDT,35880.0,36019.23,35826.91,35861.63000000,620.11115,22270798.870406322,18846.0,
1623591900000,2021-06-13 13:45:00,BTC/USDT,36027.67,36080.0,35841.59,35879.99000000,492.0136519999999,17699180.221809264,19013.0,
1623591000000,2021-06-13 13:30:00,BTC/USDT,36000.07,36084.12,35878.95,36027.67000000,577.6403980000001,20782827.095060553,19181.0,
1623590100000,2021-06-13 13:15:00,BTC/USDT,35921.18,36013.25,35860.28,36000.07000000,498.57751500000006,17926846.36362791,18285.0,
1623589200000,2021-06-13 13:00:00,BTC/USDT,35886.15,35974.99,35771.58,35921.18000000,527.125995,18918197.4090685,19939.0,
1623588300000,2021-06-13 12:45:00,BTC/USDT,35851.91,36010.1,35823.49,35886.14000000,439.640189,15790087.16118069,17680.0,
1623587400000,2021-06-13 12:30:00,BTC/USDT,35849.29,35961.25,35787.36,35851.02000000,408.136362,14645038.910561169,16724.0,
1623586500000,2021-06-13 12:15:00,BTC/USDT,35999.75,36054.27,35842.97,35849.12000000,487.669031,17540167.4336562,20677.0,
1623585600000,2021-06-13 12:00:00,BTC/USDT,35904.02,36150.0,35845.0,35997.32000000,1611.565389,58091300.53882202,30684.0,
1623584700000,2021-06-13 11:45:00,BTC/USDT,35795.25,35912.95,35738.37,35904.03000000,589.8288339999999,21128817.50283907,9527.0,
1623583800000,2021-06-13 11:30:00,BTC/USDT,35954.81,35954.81,35781.25,35795.24000000,650.5369989999999,23314509.044411536,10756.0,
1623582900000,2021-06-13 11:15:00,BTC/USDT,36001.75,36089.12,35921.54,35954.80000000,552.1792419999999,19881912.89126407,9117.0,
1623582000000,2021-06-13 11:00:00,BTC/USDT,35970.52,36099.0,35929.19,35999.10000000,765.2835899999999,27551976.163465623,12486.0,
1623581100000,2021-06-13 10:45:00,BTC/USDT,35940.35,36098.14,35899.26,35970.51000000,1080.659253,38902047.155281305,17883.0,
1623580200000,2021-06-13 10:30:00,BTC/USDT,35876.86,35950.0,35780.23,35941.64000000,623.495938,22349197.14155689,10008.0,
1623579300000,2021-06-13 10:15:00,BTC/USDT,35794.46,35961.92,35710.0,35876.85000000,678.791209,24309772.174028426,12016.0,
1623578400000,2021-06-13 10:00:00,BTC/USDT,35835.62,35887.21,35710.61,35794.46000000,646.8610490000001,23137298.030654192,11168.0,
1623577500000,2021-06-13 09:45:00,BTC/USDT,35634.25,35899.54,35575.96,35832.98000000,799.1604629999999,28571259.910974726,13145.0,
1623576600000,2021-06-13 09:30:00,BTC/USDT,35554.88,35688.02,35521.24,35634.24000000,463.69006399999995,16517627.664867578,9009.0,
1623575700000,2021-06-13 09:15:00,BTC/USDT,35578.1,35659.97,35500.0,35554.88000000,531.196731,18898850.91554442,8692.0,
1623574800000,2021-06-13 09:00:00,BTC/USDT,35629.64,35739.26,35561.71,35578.10000000,546.498466,19470189.157654967,9555.0,
1623573900000,2021-06-13 08:45:00,BTC/USDT,35600.0,35635.0,35516.17,35629.65000000,504.88408999999996,17956626.540264003,7892.0,
1623573000000,2021-06-13 08:30:00,BTC/USDT,35391.37,35772.38,35351.52,35600.00000000,1279.397882,45542937.52125654,20371.0,
1623572100000,2021-06-13 08:15:00,BTC/USDT,35321.04,35391.37,35171.55,35391.37000000,534.540653,18845760.385168258,9471.0,
1623571200000,2021-06-13 08:00:00,BTC/USDT,35282.02,35412.66,35264.48,35321.05000000,454.323885,16055455.72386914,9506.0,
1623570300000,2021-06-13 07:45:00,BTC/USDT,35307.42,35343.23,35242.75,35280.02000000,396.154055,13981012.726584831,7975.0,
1623569400000,2021-06-13 07:30:00,BTC/USDT,35380.66,35450.0,35290.01,35309.80000000,401.36863900000003,14187899.840535492,7850.0,
1623568500000,2021-06-13 07:15:00,BTC/USDT,35357.15,35499.86,35323.85,35380.67000000,580.9946450000001,20563224.19290216,12709.0,
1623567600000,2021-06-13 07:00:00,BTC/USDT,35378.25,35405.0,35257.79,35357.16000000,570.949382,20166444.42681997,10171.0,
1623566700000,2021-06-13 06:45:00,BTC/USDT,35169.34,35411.43,35131.53,35378.25000000,840.781003,29634289.10850316,14782.0,
1623565800000,2021-06-13 06:30:00,BTC/USDT,35084.12,35200.11,35084.11,35169.35000000,554.500053,19483667.618032053,8598.0,
1623564900000,2021-06-13 06:15:00,BTC/USDT,35081.1,35128.24,34978.81,35084.12000000,578.893756,20299347.9725507,9072.0,
1623564000000,2021-06-13 06:00:00,BTC/USDT,34981.48,35188.79,34887.01,35081.09000000,646.3676839999999,22632828.55647686,10844.0,
1623563100000,2021-06-13 05:45:00,BTC/USDT,35032.15,35059.99,34916.37,34981.48000000,423.24476,14804311.74333806,9432.0,
1623562200000,2021-06-13 05:30:00,BTC/USDT,35035.49,35155.55,34973.47,35032.16000000,430.1863839999999,15080287.535670849,8780.0,
1623561300000,2021-06-13 05:15:00,BTC/USDT,34953.91,35081.99,34834.25,35035.49000000,473.267516,16543503.57305288,10042.0,
1623560400000,2021-06-13 05:00:00,BTC/USDT,35188.0,35214.29,34928.15,34953.92000000,556.3909930000001,19509533.63124372,11143.0,
1623559500000,2021-06-13 04:45:00,BTC/USDT,34971.76,35262.0,34926.81,35187.99000000,735.476463,25854848.83887068,11796.0,
1623558600000,2021-06-13 04:30:00,BTC/USDT,34979.86,35010.0,34878.27,34971.76000000,346.290395,12100637.14288608,6405.0,
1623557700000,2021-06-13 04:15:00,BTC/USDT,34978.03,35036.17,34900.0,34979.86000000,394.30466799999994,13787660.45558918,7749.0,
1623556800000,2021-06-13 04:00:00,BTC/USDT,34867.81,35029.67,34757.0,34978.02000000,982.33752,34277250.12889106,13596.0,
1623555900000,2021-06-13 03:45:00,BTC/USDT,34999.9,35103.82,34865.03,34867.80000000,720.827095,25195151.866750788,10191.0,
1623555000000,2021-06-13 03:30:00,BTC/USDT,34976.23,35071.71,34833.85,34997.14000000,721.84747,25227842.170430683,12694.0,
1623554100000,2021-06-13 03:15:00,BTC/USDT,35266.24,35268.26,34816.02,34976.23000000,1432.3922260000002,50190799.77034431,22512.0,
1623553200000,2021-06-13 03:00:00,BTC/USDT,35464.49,35472.78,35156.21,35268.26000000,1274.898817,44994499.443321615,17020.0,
1623552300000,2021-06-13 02:45:00,BTC/USDT,35560.73,35589.41,35404.26,35464.48000000,785.8309190000001,27885112.3181445,9418.0,
1623551400000,2021-06-13 02:30:00,BTC/USDT,35609.36,35647.18,35514.41,35560.73000000,509.125399,18114274.55271796,7407.0,
1623550500000,2021-06-13 02:15:00,BTC/USDT,35699.79,35699.82,35550.0,35609.36000000,363.491272,12948114.50956033,6970.0,
1623549600000,2021-06-13 02:00:00,BTC/USDT,35785.04,35849.98,35656.25,35699.80000000,408.406393,14610242.353215229,7848.0,
1623548700000,2021-06-13 01:45:00,BTC/USDT,35702.98,35864.89,35690.65,35785.05000000,311.11291,11124932.290801257,6143.0,
1623547800000,2021-06-13 01:30:00,BTC/USDT,35757.2,35798.38,35667.65,35702.97000000,228.85818399999997,8178532.534467009,5254.0,
1623546900000,2021-06-13 01:15:00,BTC/USDT,35795.02,35835.81,35664.38,35757.19000000,316.29304599999995,11305437.156576991,6451.0,
1623546000000,2021-06-13 01:00:00,BTC/USDT,35712.07,35926.96,35712.07,35795.03000000,609.841591,21858628.606899526,11640.0,
1623545100000,2021-06-13 00:45:00,BTC/USDT,35500.0,35777.77,35492.78,35712.36000000,446.034882,15901870.86025247,11086.0,
1623544200000,2021-06-13 00:30:00,BTC/USDT,35450.0,35558.0,35415.51,35500.00000000,437.26820100000003,15521389.21835791,9924.0,
1623543300000,2021-06-13 00:15:00,BTC/USDT,35469.06,35544.52,35342.14,35450.00000000,510.373627,18095762.689917397,12982.0,
1623542400000,2021-06-13 00:00:00,BTC/USDT,35546.12,35627.21,35381.2,35461.84000000,634.7315,22520152.56887991,13193.0,
1623541500000,2021-06-12 23:45:00,BTC/USDT,35739.72,35739.73,35420.32,35546.11000000,585.910793,20813995.77131268,11115.0,
1623540600000,2021-06-12 23:30:00,BTC/USDT,35807.05,35814.46,35662.06,35739.73000000,297.715626,10637258.93465567,5938.0,
1623539700000,2021-06-12 23:15:00,BTC/USDT,35835.51,35868.38,35760.95,35807.05000000,279.72924500000005,10017061.292393612,5498.0,
1623538800000,2021-06-12 23:00:00,BTC/USDT,35693.62,35846.72,35675.0,35835.51000000,316.529295,11320248.687095832,7113.0,
1623537900000,2021-06-12 22:45:00,BTC/USDT,35650.0,35759.01,35572.37,35693.62000000,416.40890900000005,14842908.479256937,8199.0,
1623537000000,2021-06-12 22:30:00,BTC/USDT,35669.1,35728.59,35529.42,35649.99000000,531.308178,18929358.16865307,8735.0,
1623536100000,2021-06-12 22:15:00,BTC/USDT,35890.5,35910.52,35585.27,35669.09000000,753.1912560000001,26888110.32532493,12190.0,
1623535200000,2021-06-12 22:00:00,BTC/USDT,35817.19,35998.97,35814.0,35890.34000000,404.378017,14528240.199669791,8422.0,
1623534300000,2021-06-12 21:45:00,BTC/USDT,35825.22,35917.99,35763.3,35817.20000000,339.43943399999995,12166436.0042255,7493.0,
1623533400000,2021-06-12 21:30:00,BTC/USDT,35954.25,35985.63,35766.14,35824.04000000,483.1018240000001,17324316.38519325,11967.0,
1623532500000,2021-06-12 21:15:00,BTC/USDT,35962.62,36042.16,35871.26,35954.26000000,325.642662,11711717.117182372,7029.0,
1623531600000,2021-06-12 21:00:00,BTC/USDT,35994.5,36038.61,35826.69,35962.98000000,430.57525300000003,15472486.629768921,10305.0,
1623530700000,2021-06-12 20:45:00,BTC/USDT,35990.3,36143.93,35955.37,35994.49000000,595.215241,21457982.77359219,11049.0,
1623529800000,2021-06-12 20:30:00,BTC/USDT,35881.18,36119.59,35876.31,35990.29000000,708.8641020000001,25537356.771016814,15103.0,
1623528900000,2021-06-12 20:15:00,BTC/USDT,35859.19,35965.58,35829.28,35881.17000000,461.91218899999996,16588190.063622069,7823.0,
1623528000000,2021-06-12 20:00:00,BTC/USDT,35730.01,35891.99,35730.01,35861.29000000,294.581762,10552540.28640309,8012.0,
1623527100000,2021-06-12 19:45:00,BTC/USDT,35750.89,35806.25,35685.0,35730.00000000,254.906416,9108631.98063115,13733.0,
1623526200000,2021-06-12 19:30:00,BTC/USDT,35756.04,35839.58,35687.9,35750.88000000,364.276151,13028991.745552769,15625.0,
1623525300000,2021-06-12 19:15:00,BTC/USDT,35866.84,35892.98,35725.25,35756.04000000,486.0076039999999,17407060.78836972,16813.0,
1623524400000,2021-06-12 19:00:00,BTC/USDT,35892.63,35947.43,35865.08,35866.84000000,424.5494,15239715.215092463,15166.0,
1623523500000,2021-06-12 18:45:00,BTC/USDT,35934.98,35997.67,35889.05,35892.62000000,436.037787,15670933.063965319,17586.0,
1623522600000,2021-06-12 18:30:00,BTC/USDT,35810.78,35969.88,35757.0,35934.98000000,586.21807,21035164.563522972,17941.0,
1623521700000,2021-06-12 18:15:00,BTC/USDT,35817.02,35880.0,35750.0,35808.98000000,354.3345729999999,12686327.07868751,16655.0,
1623520800000,2021-06-12 18:00:00,BTC/USDT,35718.95,35900.0,35652.0,35817.02000000,522.95906,18701957.10761603,18968.0,
1623519900000,2021-06-12 17:45:00,BTC/USDT,35723.15,35786.0,35670.02,35718.94000000,410.680536,14665471.497106222,20390.0,
1623519000000,2021-06-12 17:30:00,BTC/USDT,35459.01,35809.52,35450.76,35723.15000000,894.6513009999999,31929318.9872942,27280.0,
1623518100000,2021-06-12 17:15:00,BTC/USDT,35490.91,35530.0,35390.0,35459.02000000,330.825181,11730875.81128271,19528.0,
1623517200000,2021-06-12 17:00:00,BTC/USDT,35522.36,35588.16,35443.16,35490.92000000,442.08167199999997,15699709.74930304,18776.0,
1623516300000,2021-06-12 16:45:00,BTC/USDT,35425.3,35543.1,35411.59,35522.35000000,525.2590200000001,18635875.37950067,13879.0,
1623515400000,2021-06-12 16:30:00,BTC/USDT,35519.31,35566.49,35420.01,35425.30000000,657.157896,23318047.84760417,16983.0,
1623514500000,2021-06-12 16:15:00,BTC/USDT,35443.3,35600.0,35400.01,35519.31000000,641.165395,22772681.65395985,17442.0,
1623513600000,2021-06-12 16:00:00,BTC/USDT,35384.96,35558.97,35300.0,35443.31000000,1031.9878119999998,36559907.635578476,20982.0,
1623512700000,2021-06-12 15:45:00,BTC/USDT,35470.0,35550.0,35354.23,35384.96000000,705.221195,24986876.930525277,21146.0,
1623511800000,2021-06-12 15:30:00,BTC/USDT,35445.61,35556.92,35445.61,35470.01000000,423.26887100000005,15031358.147742061,18570.0,
1623510900000,2021-06-12 15:15:00,BTC/USDT,35538.82,35549.29,35315.0,35445.61000000,882.218473,31264528.38368188,23482.0,
1623510000000,2021-06-12 15:00:00,BTC/USDT,35660.38,35843.12,35500.0,35538.82000000,1378.0666770000003,49157180.19348045,24424.0,
1623509100000,2021-06-12 14:45:00,BTC/USDT,35625.01,35746.92,35592.45,35660.37000000,362.495461,12929826.675026402,8808.0,
1623508200000,2021-06-12 14:30:00,BTC/USDT,35688.53,35739.42,35570.0,35625.01000000,474.8816510000001,16934219.401308678,9857.0,
1623507300000,2021-06-12 14:15:00,BTC/USDT,35694.3,35725.0,35473.42,35688.52000000,796.178504,28334017.711404815,14248.0,
1623506400000,2021-06-12 14:00:00,BTC/USDT,35986.72,36009.24,35632.34,35694.30000000,1045.5289329999998,37375406.98489831,18579.0,
1623505500000,2021-06-12 13:45:00,BTC/USDT,35908.36,36067.93,35907.23,35986.72000000,643.57472,23175691.962094925,12912.0,
1623504600000,2021-06-12 13:30:00,BTC/USDT,35853.12,35955.0,35852.22,35908.36000000,402.84738699999997,14467613.033569511,11196.0,
1623503700000,2021-06-12 13:15:00,BTC/USDT,35894.07,35945.0,35839.99,35853.12000000,527.762459,18941278.250523847,12487.0,
1623502800000,2021-06-12 13:00:00,BTC/USDT,36044.36,36092.76,35837.97,35894.07000000,932.7129670000002,33530270.477926333,17710.0,
1623501900000,2021-06-12 12:45:00,BTC/USDT,36050.0,36096.82,35911.0,36044.35000000,1328.6221050000001,47825541.78699041,29526.0,
1623501000000,2021-06-12 12:30:00,BTC/USDT,35693.27,36238.0,35668.07,36050.00000000,2438.83461,87765749.0865396,44554.0,
1623500100000,2021-06-12 12:15:00,BTC/USDT,35717.66,35850.0,35599.0,35693.28000000,1032.763644,36858856.93753768,27710.0,
1623499200000,2021-06-12 12:00:00,BTC/USDT,35597.5,35788.88,35506.94,35717.66000000,873.8025419999999,31130552.101039983,24154.0,
1623498300000,2021-06-12 11:45:00,BTC/USDT,35462.63,35699.47,35462.2,35596.70000000,861.502389,30675047.742705937,23068.0,
1623497400000,2021-06-12 11:30:00,BTC/USDT,35433.07,35516.99,35397.0,35462.18000000,505.83901099999997,17939161.110592373,19789.0,
1623496500000,2021-06-12 11:15:00,BTC/USDT,35622.55,35666.84,35426.48,35433.06000000,857.620941,30447855.02897979,23559.0,
1623495600000,2021-06-12 11:00:00,BTC/USDT,35666.15,35712.52,35560.01,35622.55000000,1083.6875059999998,38608018.23712121,24700.0,
1623494700000,2021-06-12 10:45:00,BTC/USDT,35655.18,35900.0,35608.56,35666.15000000,1669.163659,59690181.77460012,27727.0,
1623493800000,2021-06-12 10:30:00,BTC/USDT,34929.14,35823.17,34912.61,35655.17000000,3253.6059350000005,115467614.09309432,52253.0,
1623492900000,2021-06-12 10:15:00,BTC/USDT,34781.29,34941.76,34600.36,34929.13000000,2591.24336,90124548.85919315,38403.0,
1623492000000,2021-06-12 10:00:00,BTC/USDT,35238.55,35288.51,34671.0,34793.49000000,1664.853399,58242878.125938036,31614.0,
1623491100000,2021-06-12 09:45:00,BTC/USDT,35169.47,35268.99,35081.63,35238.54000000,731.8030229999999,25725937.547897637,12881.0,
1623490200000,2021-06-12 09:30:00,BTC/USDT,35292.1,35310.0,35128.05,35169.47000000,620.5055079999998,21838964.19746717,12290.0,
1623489300000,2021-06-12 09:15:00,BTC/USDT,35295.0,35395.0,35231.38,35292.10000000,494.47140200000007,17463346.963417053,10880.0,
1623488400000,2021-06-12 09:00:00,BTC/USDT,35170.35,35330.0,35031.27,35292.04000000,1134.523146,39976284.075674854,16829.0,
1623487500000,2021-06-12 08:45:00,BTC/USDT,35309.59,35309.84,35108.0,35170.35000000,556.706115,19586896.46936391,10754.0,
0,0,0,0,35345.43,35220.84,35309.83000000,231.829656,8179683.34520027,5082.0,
